Date/Time GMT + 8:00,Lat,Lng,Address, Battery , Signal ,Tilt,Temperature, Temp Probe ,Shock,Humidity,Pressure,Light,Ir Light,Gps Jam,Voltage
23/09/2019 12:00,1.355,103.988,"Singapore Changi Airport, Singapore",1,1,0,26.5,27.5,0,47,"1,013.25",1,1,0,9
23/09/2019 12:05,1.355,103.988,"Singapore Changi Airport, Singapore",1,1,0,26.5,27.5,0,47,"1,013.32",1,1,0,9
23/09/2019 12:10,1.355,103.988,"Singapore Changi Airport, Singapore",1,1,0,26.5,27.5,0,47,"1,013.40",1,1,0,9
23/09/2019 12:15,1.355,103.988,"Singapore Changi Airport, Singapore",1,1,0,26.5,27.5,0,46.9,"1,013.58",1,1,0,9
23/09/2019 12:20,1.355,103.988,"Singapore Changi Airport, Singapore",1,1,0,26.5,27.5,0,46.9,"1,013.71",1,1,0,9
23/09/2019 12:25,1.355,103.988,"Singapore Changi Airport, Singapore",1,1,0,26.5,27.5,0,46.9,"1,013.62",1,1,0,9
23/09/2019 12:30,1.355,103.988,"Singapore Changi Airport, Singapore",1,1,0,26.6,27.6,0,46.9,"1,013.38",1,1,0,9
23/09/2019 12:35,1.355,103.988,"Singapore Changi Airport, Singapore",1,1,0,26.6,27.6,0,46.9,"1,013.51",1,1,0,9
23/09/2019 12:40,1.355,103.988,"Singapore Changi Airport, Singapore",1,1,0,26.6,27.6,0,46.8,"1,013.39",1,1,0,9
23/09/2019 12:45,1.355,103.988,"Singapore Changi Airport, Singapore",1,1,0,26.6,27.6,0,46.8,"1,013.32",1,1,0,9
23/09/2019 12:50,1.355,103.988,"Singapore Changi Airport, Singapore",1,1,0,26.6,27.6,0,46.8,"1,013.49",1,1,0,9
23/09/2019 12:55,1.355,103.988,"Singapore Changi Airport, Singapore",1,1,0,26.6,27.6,0,46.8,"1,013.39",1,1,0,9
23/09/2019 13:00,1.355,103.988,"Singapore Changi Airport, Singapore",1,1,0,26.6,27.6,0,46.8,"1,013.23",1,1,0,9
23/09/2019 13:05,1.355,103.988,"Singapore Changi Airport, Singapore",1,1,0,26.6,27.6,0,46.8,"1,013.29",1,1,0,9
23/09/2019 13:10,1.355,103.988,"Singapore Changi Airport, Singapore",1,1,0,26.6,27.6,0,46.8,"1,013.47",1,1,0,9
23/09/2019 13:15,1.355,103.988,"Singapore Changi Airport, Singapore",1,1,0,26.6,27.6,0,46.7,"1,013.37",1,1,0,9
23/09/2019 13:20,1.355,103.988,"Singapore Changi Airport, Singapore",1,1,0,26.6,27.6,0,46.7,"1,013.39",1,1,0,9
23/09/2019 13:25,1.355,103.988,"Singapore Changi Airport, Singapore",1,1,0,26.6,27.6,0,46.7,"1,013.20",1,1,0,9
23/09/2019 13:30,1.355,103.988,"Singapore Changi Airport, Singapore",1,1,0,26.6,27.6,0,46.7,"1,013.34",1,1,0,9
23/09/2019 13:35,1.355,103.988,"Singapore Changi Airport, Singapore",1,1,0,26.6,27.6,0,46.7,"1,013.16",1,1,0,9
23/09/2019 13:40,1.355,103.988,"Singapore Changi Airport, Singapore",1,1,0,26.7,27.7,0,46.7,"1,013.22",1,1,0,9
23/09/2019 13:45,1.355,103.988,"Singapore Changi Airport, Singapore",1,1,0,26.7,27.7,0,46.7,"1,013.20",1,1,0,9
23/09/2019 13:50,1.355,103.988,"Singapore Changi Airport, Singapore",1,1,0,26.7,27.7,0,46.7,"1,013.37",1,1,0,9
23/09/2019 13:55,1.355,103.988,"Singapore Changi Airport, Singapore",1,1,0,26.7,27.7,0,46.7,"1,013.30",1,1,0,9
23/09/2019 14:00,1.355,103.988,"Singapore Changi Airport, Singapore",1,1,0,26.7,27.7,0,46.7,"1,013.26",1,1,0,9
23/09/2019 14:05,1.355,103.988,"Singapore Changi Airport, Singapore",1,1,0,26.7,27.7,0,46.7,"1,013.27",1,1,0,9
23/09/2019 14:10,1.355,103.988,"Singapore Changi Airport, Singapore",1,1,0,26.7,27.7,0,46.7,"1,013.39",1,1,0,9
23/09/2019 14:15,1.355,103.988,"Singapore Changi Airport, Singapore",1,1,0,26.7,27.7,0,46.7,"1,013.23",1,1,0,9
23/09/2019 14:20,1.355,103.988,"Singapore Changi Airport, Singapore",1,1,0,26.7,27.7,0,46.7,"1,013.14",1,1,0,9
23/09/2019 14:25,1.355,103.988,"Singapore Changi Airport, Singapore",1,1,0,26.7,27.7,0,46.7,"1,013.06",1,1,0,9
23/09/2019 14:30,1.355,103.988,"Singapore Changi Airport, Singapore",1,1,0,26.7,27.7,0,46.7,"1,013.24",1,1,0,9
23/09/2019 14:35,1.355,103.988,"Singapore Changi Airport, Singapore",1,1,0,26.7,27.7,0,46.7,"1,013.27",1,1,0,9
23/09/2019 14:40,1.355,103.988,"Singapore Changi Airport, Singapore",1,1,0,26.7,27.7,0,46.7,"1,013.04",1,1,0,9
23/09/2019 14:45,1.355,103.988,"Singapore Changi Airport, Singapore",1,1,0,26.7,27.7,0,46.7,"1,013.04",1,1,0,9
23/09/2019 14:50,1.355,103.988,"Singapore Changi Airport, Singapore",1,1,0,26.7,27.7,0,46.7,"1,012.81",1,1,0,9
23/09/2019 14:55,1.355,103.988,"Singapore Changi Airport, Singapore",1,1,0,26.7,27.7,0,46.7,"1,012.91",1,1,0,9
23/09/2019 15:00,1.355,103.988,"Singapore Changi Airport, Singapore",1,1,0,26.7,27.7,0,46.7,"1,012.80",1,1,0,9
23/09/2019 15:05,1.355,103.988,"Singapore Changi Airport, Singapore",1,1,0,26.6,27.6,0,46.7,"1,012.93",1,1,0,9
23/09/2019 15:10,1.355,103.988,"Singapore Changi Airport, Singapore",1,1,0,26.6,27.6,0,46.7,"1,012.68",1,1,0,9
23/09/2019 15:15,1.355,103.988,"Singapore Changi Airport, Singapore",1,1,0,26.6,27.6,0,46.7,"1,012.79",1,1,0,9
23/09/2019 15:20,1.355,103.988,"Singapore Changi Airport, Singapore",1,1,0,26.6,27.6,0,46.7,"1,012.70",1,1,0,9
23/09/2019 15:25,1.355,103.988,"Singapore Changi Airport, Singapore",1,1,0,26.6,27.6,0,46.8,"1,012.60",1,1,0,9
23/09/2019 15:30,1.355,103.988,"Singapore Changi Airport, Singapore",1,1,0,26.6,27.6,0,46.8,"1,012.72",1,1,0,9
23/09/2019 15:35,1.355,103.988,"Singapore Changi Airport, Singapore",1,1,0,26.6,27.6,0,46.8,"1,012.95",1,1,0,9
23/09/2019 15:40,1.355,103.988,"Singapore Changi Airport, Singapore",1,1,0,26.6,27.6,0,46.8,"1,012.76",1,1,0,9
23/09/2019 15:45,1.355,103.988,"Singapore Changi Airport, Singapore",1,1,0,26.6,27.6,0,46.8,"1,012.81",1,1,0,9
23/09/2019 15:50,1.355,103.988,"Singapore Changi Airport, Singapore",1,1,0,26.6,27.6,0,46.8,"1,012.62",1,1,0,9
23/09/2019 15:55,1.355,103.988,"Singapore Changi Airport, Singapore",1,1,0,26.6,27.6,0,46.8,"1,012.53",1,1,0,9
23/09/2019 16:00,1.355,103.988,"Singapore Changi Airport, Singapore",1,1,0,26.6,27.6,0,46.9,"1,012.33",1,1,0,9
23/09/2019 16:05,1.355,103.988,"Singapore Changi Airport, Singapore",1,1,0,26.6,27.6,0,46.9,"1,012.13",1,1,0,9
23/09/2019 16:10,1.355,103.988,"Singapore Changi Airport, Singapore",1,1,0,26.6,27.6,0,46.9,"1,012.18",1,1,0,9
23/09/2019 16:15,1.355,103.988,"Singapore Changi Airport, Singapore",0.99,1,0,26.5,27.5,0,46.9,"1,012.02",1,1,0,9
23/09/2019 16:20,1.355,103.988,"Singapore Changi Airport, Singapore",0.99,1,0,26.5,27.5,0,46.9,"1,011.78",1,1,0,9
23/09/2019 16:25,1.355,103.988,"Singapore Changi Airport, Singapore",0.99,1,0,26.5,27.5,0,47,"1,012.02",1,1,0,9
23/09/2019 16:30,1.355,103.988,"Singapore Changi Airport, Singapore",0.99,1,0,26.5,27.5,0,47,"1,012.11",1,1,0,9
23/09/2019 16:35,1.355,103.988,"Singapore Changi Airport, Singapore",0.99,1,0,26.5,27.5,0,47,"1,012.34",1,1,0,9
23/09/2019 16:40,1.355,103.988,"Singapore Changi Airport, Singapore",0.99,1,0,26.5,27.5,0,47,"1,012.17",1,1,0,9
23/09/2019 16:45,1.355,103.988,"Singapore Changi Airport, Singapore",0.99,1,0,26.5,27.5,0,47,"1,012.12",1,1,0,9
23/09/2019 16:50,1.355,103.988,"Singapore Changi Airport, Singapore",0.99,1,0,26.5,27.5,0,47.1,"1,011.97",1,1,0,9
23/09/2019 16:55,1.355,103.988,"Singapore Changi Airport, Singapore",0.99,1,0,26.5,27.5,0,47.1,"1,012.00",1,1,0,9
23/09/2019 17:00,1.355,103.988,"Singapore Changi Airport, Singapore",0.99,1,0,26.5,27.5,0,47.1,"1,011.93",1,1,0,9
23/09/2019 17:05,1.355,103.988,"Singapore Changi Airport, Singapore",0.99,1,0,26.4,27.4,0,47.1,"1,012.07",1,1,0,9
23/09/2019 17:10,1.355,103.988,"Singapore Changi Airport, Singapore",0.99,1,0,26.4,27.4,0,47.1,"1,012.22",1,1,0,9
23/09/2019 17:15,1.355,103.988,"Singapore Changi Airport, Singapore",0.99,1,0,26.4,27.4,0,47.1,"1,012.23",1,1,0,9
23/09/2019 17:20,1.355,103.988,"Singapore Changi Airport, Singapore",0.99,1,0,26.4,27.4,0,47.2,"1,012.43",1,1,0,9
23/09/2019 17:25,1.355,103.988,"Singapore Changi Airport, Singapore",0.99,1,0,26.4,27.4,0,47.2,"1,012.46",1,1,0,9
23/09/2019 17:30,1.355,103.988,"Singapore Changi Airport, Singapore",0.99,1,0,26.4,27.4,0,47.2,"1,012.40",1,1,0,9
23/09/2019 17:35,1.355,103.988,"Singapore Changi Airport, Singapore",0.99,1,0,26.4,27.4,0,47.2,"1,012.48",1,1,0,9
23/09/2019 17:40,1.355,103.988,"Singapore Changi Airport, Singapore",0.99,1,0,26.4,27.4,0,47.2,"1,012.44",1,1,0,9
23/09/2019 17:45,1.355,103.988,"Singapore Changi Airport, Singapore",0.99,1,0,26.4,27.4,0,47.3,"1,012.37",1,1,0,9
23/09/2019 17:50,1.355,103.988,"Singapore Changi Airport, Singapore",0.99,1,0,26.4,27.4,0,47.3,"1,012.22",1,1,0,9
23/09/2019 17:55,1.355,103.988,"Singapore Changi Airport, Singapore",0.99,1,0,26.4,27.4,0,47.3,"1,012.06",1,1,0,9
23/09/2019 18:00,1.355,103.988,"Singapore Changi Airport, Singapore",0.99,1,0,26.3,27.3,0,47.3,"1,011.87",1,1,0,9
23/09/2019 18:05,1.355,103.988,"Singapore Changi Airport, Singapore",0.99,1,0,26.3,27.3,0,47.3,"1,011.90",1,1,0,9
23/09/2019 18:10,1.355,103.988,"Singapore Changi Airport, Singapore",0.99,1,0,26.3,27.3,0,47.3,"1,011.83",1,1,0,9
23/09/2019 18:15,1.355,103.988,"Singapore Changi Airport, Singapore",0.99,1,0,26.3,27.3,0,47.3,"1,011.96",1,1,0,9
23/09/2019 18:20,1.355,103.988,"Singapore Changi Airport, Singapore",0.99,1,0,26.3,27.3,0,47.4,"1,011.72",1,1,0,9
23/09/2019 18:25,1.355,103.988,"Singapore Changi Airport, Singapore",0.99,1,0,26.3,27.3,0,47.4,"1,011.95",1,1,0,9
23/09/2019 18:30,1.355,103.988,"Singapore Changi Airport, Singapore",0.99,1,0,26.3,27.3,0,47.4,"1,012.12",1,1,0,9
23/09/2019 18:35,1.355,103.988,"Singapore Changi Airport, Singapore",0.99,1,0,26.3,27.3,0,47.4,"1,012.36",1,1,0,9
23/09/2019 18:40,1.355,103.988,"Singapore Changi Airport, Singapore",0.99,1,0,26.3,27.3,0,47.4,"1,012.46",1,1,0,9
23/09/2019 18:45,1.355,103.988,"Singapore Changi Airport, Singapore",0.99,1,0,26.3,27.3,0,47.4,"1,012.38",1,1,0,9
23/09/2019 18:50,1.355,103.988,"Singapore Changi Airport, Singapore",0.99,1,0,26.3,27.3,0,47.4,"1,012.26",1,1,0,9
23/09/2019 18:55,1.355,103.988,"Singapore Changi Airport, Singapore",0.99,1,0,26.3,27.3,0,47.4,"1,012.45",1,1,0,9
23/09/2019 19:00,1.355,103.988,"Singapore Changi Airport, Singapore",0.99,1,0,26.3,27.3,0,47.4,"1,012.33",1,1,0,9
23/09/2019 19:05,1.355,103.988,"Singapore Changi Airport, Singapore",0.99,1,0,26.3,27.3,0,47.4,"1,012.45",1,1,0,9
23/09/2019 19:10,1.355,103.988,"Singapore Changi Airport, Singapore",0.99,1,0,26.3,27.3,0,47.4,"1,012.66",1,1,0,9
23/09/2019 19:15,1.355,103.988,"Singapore Changi Airport, Singapore",0.99,1,0,26.3,27.3,0,47.4,"1,012.78",1,1,0,9
23/09/2019 19:20,1.355,103.988,"Singapore Changi Airport, Singapore",0.99,1,0,26.3,27.3,0,47.4,"1,012.93",1,1,0,9
23/09/2019 19:25,1.355,103.988,"Singapore Changi Airport, Singapore",0.99,1,0,26.3,27.3,0,47.4,"1,012.75",1,1,0,9
23/09/2019 19:30,1.355,103.988,"Singapore Changi Airport, Singapore",0.99,1,0,26.3,27.3,0,47.4,"1,012.73",1,1,0,9
23/09/2019 19:35,1.355,103.988,"Singapore Changi Airport, Singapore",0.99,1,0,26.3,27.3,0,47.4,"1,012.68",1,1,0,9
23/09/2019 19:40,1.355,103.988,"Singapore Changi Airport, Singapore",0.99,1,0,26.3,27.3,0,47.4,"1,012.88",1,1,0,9
23/09/2019 19:45,1.355,103.988,"Singapore Changi Airport, Singapore",0.99,1,0,26.3,27.3,0,47.4,"1,012.74",1,1,0,9
23/09/2019 19:50,1.355,103.988,"Singapore Changi Airport, Singapore",0.99,1,0,26.3,27.3,0,47.4,"1,012.81",1,1,0,9
23/09/2019 19:55,1.355,103.988,"Singapore Changi Airport, Singapore",0.99,1,0,26.3,27.3,0,47.4,"1,013.01",1,1,0,9
23/09/2019 20:00,1.355,103.988,"Singapore Changi Airport, Singapore",0.99,1,0,26.3,27.3,0,47.4,"1,012.82",1,1,0,9
23/09/2019 20:05,1.355,103.988,"Singapore Changi Airport, Singapore",0.99,1,0,26.3,27.3,0,47.4,"1,012.65",1,1,0,9
23/09/2019 20:10,1.355,103.988,"Singapore Changi Airport, Singapore",0.99,1,0,26.3,27.3,0,47.4,"1,012.84",1,1,0,9
23/09/2019 20:15,1.355,103.988,"Singapore Changi Airport, Singapore",0.99,1,0,26.3,27.3,0,47.4,"1,012.87",1,1,0,9
23/09/2019 20:19,1.355,103.988,"Singapore Changi Airport, Singapore",0.99,1,0,26.3,27.3,0,47.4,"1,012.94",1,1,0,9
23/09/2019 20:24,1.355,103.988,"Singapore Changi Airport, Singapore",0.99,1,0,26.3,27.3,0,47.3,"1,012.88",1,1,0,9
23/09/2019 20:29,1.355,103.988,"Singapore Changi Airport, Singapore",0.99,1,0,26.3,27.3,0,47.3,"1,012.63",1,1,0,9
23/09/2019 20:34,1.355,103.988,"Singapore Changi Airport, Singapore",0.99,1,0,26.3,27.3,0,47.3,"1,012.78",1,1,0,9
23/09/2019 20:39,1.355,103.988,"Singapore Changi Airport, Singapore",0.99,1,0,26.3,27.3,0,47.3,"1,012.97",1,1,0,9
23/09/2019 20:44,1.355,103.988,"Singapore Changi Airport, Singapore",0.99,1,0,26.4,27.4,0,47.3,"1,013.17",1,1,0,9
23/09/2019 20:49,1.355,103.988,"Singapore Changi Airport, Singapore",0.99,1,0,26.4,27.4,0,47.3,"1,013.30",1,1,0,9
23/09/2019 20:54,1.355,103.988,"Singapore Changi Airport, Singapore",0.99,1,0,26.4,27.4,0,47.3,"1,013.08",1,1,0,9
23/09/2019 20:59,1.355,103.988,"Singapore Changi Airport, Singapore",0.99,1,0,26.4,27.4,0,47.2,"1,013.16",1,1,0,9
23/09/2019 21:04,1.355,103.988,"Singapore Changi Airport, Singapore",0.99,1,0,26.4,27.4,0,47.2,"1,013.34",1,1,0,9
23/09/2019 21:09,1.355,103.988,"Singapore Changi Airport, Singapore",0.99,1,0,26.4,27.4,0,47.2,"1,013.40",1,1,0,9
23/09/2019 21:14,1.355,103.988,"Singapore Changi Airport, Singapore",0.99,1,0,26.4,27.4,0,47.2,"1,013.42",1,1,0,9
23/09/2019 21:19,1.355,103.988,"Singapore Changi Airport, Singapore",0.99,1,0,26.4,27.4,0,47.2,"1,013.57",1,1,0,9
23/09/2019 21:24,1.355,103.988,"Singapore Changi Airport, Singapore",0.99,1,0,26.4,27.4,0,47.2,"1,013.75",1,1,0,9
23/09/2019 21:29,1.355,103.988,"Singapore Changi Airport, Singapore",0.99,1,0,26.4,27.4,0,47.1,"1,013.97",1,1,0,9
23/09/2019 21:34,1.355,103.988,"Singapore Changi Airport, Singapore",0.99,1,0,26.4,27.4,0,47.1,"1,014.06",1,1,0,9
23/09/2019 21:39,1.355,103.988,"Singapore Changi Airport, Singapore",0.99,1,0,26.5,27.5,0,47.1,"1,013.82",1,1,0,9
23/09/2019 21:44,1.355,103.988,"Singapore Changi Airport, Singapore",0.99,1,0,26.5,27.5,0,47.1,"1,013.82",1,1,0,9
23/09/2019 21:49,1.355,103.988,"Singapore Changi Airport, Singapore",0.99,1,0,26.5,27.5,0,47.1,"1,014.06",1,1,0,9
23/09/2019 21:54,1.355,103.988,"Singapore Changi Airport, Singapore",0.99,1,0,26.5,27.5,0,47,"1,014.29",1,1,0,9
23/09/2019 21:59,1.355,103.988,"Singapore Changi Airport, Singapore",0.99,1,0,26.5,27.5,0,47,"1,014.54",1,1,0,9
23/09/2019 22:04,1.355,103.988,"Singapore Changi Airport, Singapore",0.99,1,0,26.5,27.5,0,47,"1,014.54",1,1,0,9
23/09/2019 22:09,1.355,103.988,"Singapore Changi Airport, Singapore",0.99,1,0,26.5,27.5,0,47,"1,014.33",1,1,0,9
23/09/2019 22:14,1.355,103.988,"Singapore Changi Airport, Singapore",0.99,1,0,26.5,27.5,0,47,"1,014.20",1,1,0,9
23/09/2019 22:19,1.355,103.988,"Singapore Changi Airport, Singapore",0.99,1,0,26.5,27.5,0,46.9,"1,014.22",1,1,0,9
23/09/2019 22:24,1.355,103.988,"Singapore Changi Airport, Singapore",0.99,1,0,26.5,27.5,0,46.9,"1,014.33",1,1,0,9
23/09/2019 22:29,1.355,103.988,"Singapore Changi Airport, Singapore",0.99,1,0,26.6,27.6,0,46.9,"1,014.24",1,1,0,9
23/09/2019 22:34,1.355,103.988,"Singapore Changi Airport, Singapore",0.99,1,0,26.6,27.6,0,46.9,"1,014.46",1,1,0,9
23/09/2019 22:39,1.355,103.988,"Singapore Changi Airport, Singapore",0.99,1,0,26.6,27.6,0,46.9,"1,014.39",1,1,0,9
23/09/2019 22:44,1.355,103.988,"Singapore Changi Airport, Singapore",0.99,1,0,26.6,27.6,0,46.8,"1,014.15",1,1,0,9
23/09/2019 22:49,1.355,103.988,"Singapore Changi Airport, Singapore",0.99,1,0,26.6,27.6,0,46.8,"1,014.06",1,1,0,9
23/09/2019 22:54,1.355,103.988,"Singapore Changi Airport, Singapore",0.99,1,0,26.6,27.6,0,46.8,"1,014.00",1,1,0,9
23/09/2019 22:59,1.355,103.988,"Singapore Changi Airport, Singapore",0.99,1,0,26.6,27.6,0,46.8,"1,014.15",1,1,0,9
23/09/2019 23:04,1.355,103.988,"Singapore Changi Airport, Singapore",0.99,1,0,26.6,27.6,0,46.8,"1,014.33",1,1,0,9
23/09/2019 23:09,1.355,103.988,"Singapore Changi Airport, Singapore",0.99,1,0,26.6,27.6,0,46.8,"1,014.23",1,1,0,9
23/09/2019 23:14,1.355,103.988,"Singapore Changi Airport, Singapore",0.99,1,0,26.6,27.6,0,46.8,"1,014.34",1,1,0,9
23/09/2019 23:19,1.355,103.988,"Singapore Changi Airport, Singapore",0.99,1,0,26.6,27.6,0,46.7,"1,014.48",1,1,0,9
23/09/2019 23:24,1.355,103.988,"Singapore Changi Airport, Singapore",0.99,1,0,26.6,27.6,0,46.7,"1,014.27",1,1,0,9
23/09/2019 23:29,1.355,103.988,"Singapore Changi Airport, Singapore",0.99,1,0,26.6,27.6,0,46.7,"1,014.16",1,1,0,9
23/09/2019 23:34,1.355,103.988,"Singapore Changi Airport, Singapore",0.99,1,0,26.6,27.6,0,46.7,"1,013.96",1,1,0,9
23/09/2019 23:39,1.355,103.988,"Singapore Changi Airport, Singapore",0.99,1,0,26.6,27.6,0,46.7,"1,013.81",1,1,0,9
23/09/2019 23:44,1.355,103.988,"Singapore Changi Airport, Singapore",0.99,1,0,26.7,27.7,0,46.7,"1,013.82",1,1,0,9
23/09/2019 23:49,1.355,103.988,"Singapore Changi Airport, Singapore",0.99,1,0,26.7,27.7,0,46.7,"1,014.00",1,1,0,9
23/09/2019 23:54,1.355,103.988,"Singapore Changi Airport, Singapore",0.99,1,0,26.7,27.7,0,46.7,"1,013.87",1,1,0,9
23/09/2019 23:59,1.355,103.988,"Singapore Changi Airport, Singapore",0.99,1,0,26.7,27.7,0,46.7,"1,014.05",1,1,0,9
24/09/2019 00:04,1.355,103.988,"Singapore Changi Airport, Singapore",0.99,1,0,26.7,27.7,0,46.7,"1,014.04",1,1,0,9
24/09/2019 00:09,1.355,103.988,"Singapore Changi Airport, Singapore",0.99,1,0,26.7,27.7,0,46.7,"1,014.01",1,1,0,9
24/09/2019 00:14,1.355,103.988,"Singapore Changi Airport, Singapore",0.99,1,0,26.7,27.7,0,46.7,"1,014.19",1,1,0,9
24/09/2019 00:19,1.355,103.988,"Singapore Changi Airport, Singapore",0.99,1,0,26.7,27.7,0,46.7,"1,014.22",1,1,0,9
24/09/2019 00:24,1.355,103.988,"Singapore Changi Airport, Singapore",0.99,1,0,26.7,27.7,0,46.7,"1,014.05",1,1,0,9
24/09/2019 00:29,1.355,103.988,"Singapore Changi Airport, Singapore",0.99,1,0,26.7,27.7,0,46.7,"1,014.12",1,1,0,9
24/09/2019 00:34,1.355,103.988,"Singapore Changi Airport, Singapore",0.98,1,0,26.7,27.7,0,46.7,"1,014.23",1,1,0,9
24/09/2019 00:39,1.355,103.988,"Singapore Changi Airport, Singapore",0.98,1,0,26.7,27.7,0,46.7,"1,014.35",1,1,0,9
24/09/2019 00:44,1.355,103.988,"Singapore Changi Airport, Singapore",0.98,1,0,26.7,27.7,0,46.7,"1,014.54",1,1,0,9
24/09/2019 00:49,1.355,103.988,"Singapore Changi Airport, Singapore",0.98,1,0,26.7,27.7,0,46.7,"1,014.69",1,1,0,9
24/09/2019 00:54,1.355,103.988,"Singapore Changi Airport, Singapore",0.98,1,0,26.7,27.7,0,46.7,"1,014.68",1,1,0,9
24/09/2019 00:59,1.355,103.988,"Singapore Changi Airport, Singapore",0.98,1,0,26.7,27.7,0,46.7,"1,014.76",1,1,0,9
24/09/2019 01:04,1.355,103.988,"Singapore Changi Airport, Singapore",0.98,1,0,26.6,27.6,0,46.7,"1,015.00",1,1,0,9
24/09/2019 01:09,1.355,103.988,"Singapore Changi Airport, Singapore",0.98,1,0,26.6,27.6,0,46.7,"1,014.76",1,1,0,9
24/09/2019 01:14,1.355,103.988,"Singapore Changi Airport, Singapore",0.98,1,0,26.6,27.6,0,46.7,"1,014.58",1,1,0,9
24/09/2019 01:19,1.355,103.988,"Singapore Changi Airport, Singapore",0.98,1,0,26.6,27.6,0,46.7,"1,014.50",1,1,0,9
24/09/2019 01:24,1.355,103.988,"Singapore Changi Airport, Singapore",0.98,1,0,26.6,27.6,0,46.7,"1,014.44",1,1,0,9
24/09/2019 01:29,1.355,103.988,"Singapore Changi Airport, Singapore",0.98,1,0,26.6,27.6,0,46.8,"1,014.55",1,1,0,9
24/09/2019 01:34,1.355,103.988,"Singapore Changi Airport, Singapore",0.98,1,0,26.6,27.6,0,46.8,"1,014.63",1,1,0,9
24/09/2019 01:39,1.355,103.988,"Singapore Changi Airport, Singapore",0.98,1,0,26.6,27.6,0,46.8,"1,014.40",1,1,0,9
24/09/2019 01:44,1.355,103.988,"Singapore Changi Airport, Singapore",0.98,1,0,26.6,27.6,0,46.8,"1,014.45",1,1,0,9
24/09/2019 01:49,1.355,103.988,"Singapore Changi Airport, Singapore",0.98,1,0,26.6,27.6,0,46.8,"1,014.55",1,1,0,9
24/09/2019 01:54,1.355,103.988,"Singapore Changi Airport, Singapore",0.98,1,0,26.6,27.6,0,46.8,"1,014.57",1,1,0,9
24/09/2019 01:59,1.355,103.988,"Singapore Changi Airport, Singapore",0.98,1,0,26.6,27.6,0,46.8,"1,014.78",1,1,0,9
24/09/2019 02:04,1.355,103.988,"Singapore Changi Airport, Singapore",0.98,1,0,26.6,27.6,0,46.9,"1,014.94",1,1,0,9
24/09/2019 02:09,1.355,103.988,"Singapore Changi Airport, Singapore",0.98,1,0,26.6,27.6,0,46.9,"1,014.72",1,1,0,9
24/09/2019 02:14,1.355,103.988,"Singapore Changi Airport, Singapore",0.98,1,0,26.5,27.5,0,46.9,"1,014.93",1,1,0,9
24/09/2019 02:19,1.355,103.988,"Singapore Changi Airport, Singapore",0.98,1,0,26.5,27.5,0,46.9,"1,015.10",1,1,0,9
24/09/2019 02:24,1.355,103.988,"Singapore Changi Airport, Singapore",0.98,1,0,26.5,27.5,0,46.9,"1,014.90",1,1,0,9
24/09/2019 02:29,1.355,103.988,"Singapore Changi Airport, Singapore",0.98,1,0,26.5,27.5,0,47,"1,015.00",1,1,0,9
24/09/2019 02:34,1.355,103.988,"Singapore Changi Airport, Singapore",0.98,1,0,26.5,27.5,0,47,"1,015.21",1,1,0,9
24/09/2019 02:39,1.355,103.988,"Singapore Changi Airport, Singapore",0.98,1,0,26.5,27.5,0,47,"1,015.45",1,1,0,9
24/09/2019 02:44,1.355,103.988,"Singapore Changi Airport, Singapore",0.98,1,0,26.5,27.5,0,47,"1,015.69",1,1,0,9
24/09/2019 02:49,1.355,103.988,"Singapore Changi Airport, Singapore",0.98,1,0,26.5,27.5,0,47,"1,015.62",1,1,0,9
24/09/2019 02:54,1.355,103.988,"Singapore Changi Airport, Singapore",0.98,1,0,26.5,27.5,0,47.1,"1,015.76",1,1,0,9
24/09/2019 02:59,1.355,103.988,"Singapore Changi Airport, Singapore",0.98,1,0,26.5,27.5,0,47.1,"1,015.89",1,1,0,9
24/09/2019 03:04,1.355,103.988,"Singapore Changi Airport, Singapore",0.98,1,0,26.5,27.5,0,47.1,"1,015.82",1,1,0,9
24/09/2019 03:09,1.355,103.988,"Singapore Changi Airport, Singapore",0.98,1,0,26.4,27.4,0,47.1,"1,015.89",1,1,0,9
24/09/2019 03:14,1.355,103.988,"Singapore Changi Airport, Singapore",0.98,1,0,26.4,27.4,0,47.1,"1,015.74",1,1,0,9
24/09/2019 03:19,1.355,103.988,"Singapore Changi Airport, Singapore",0.98,1,0,26.4,27.4,0,47.2,"1,015.82",1,1,0,9
24/09/2019 03:24,1.355,103.988,"Singapore Changi Airport, Singapore",0.98,1,0,26.4,27.4,0,47.2,"1,015.76",1,1,0,9
24/09/2019 03:29,1.355,103.988,"Singapore Changi Airport, Singapore",0.98,1,0,26.4,27.4,0,47.2,"1,015.99",1,1,0,9
24/09/2019 03:34,1.355,103.988,"Singapore Changi Airport, Singapore",0.98,1,0,26.4,27.4,0,47.2,"1,015.94",1,1,0,9
24/09/2019 03:39,1.355,103.988,"Singapore Changi Airport, Singapore",0.98,1,0,26.4,27.4,0,47.2,"1,015.74",1,1,0,9
24/09/2019 03:44,1.355,103.988,"Singapore Changi Airport, Singapore",0.98,1,0,26.4,27.4,0,47.2,"1,015.72",1,1,0,9
24/09/2019 03:49,1.355,103.988,"Singapore Changi Airport, Singapore",0.98,1,0,26.4,27.4,0,47.3,"1,015.55",1,1,0,9
24/09/2019 03:54,1.355,103.988,"Singapore Changi Airport, Singapore",0.98,1,0,26.4,27.4,0,47.3,"1,015.46",1,1,0,9
24/09/2019 03:59,1.355,103.988,"Singapore Changi Airport, Singapore",0.98,1,0,26.4,27.4,0,47.3,"1,015.57",1,1,0,9
24/09/2019 04:04,1.355,103.988,"Singapore Changi Airport, Singapore",0.98,1,0,26.3,27.3,0,47.3,"1,015.52",1,1,0,9
24/09/2019 04:09,1.355,103.988,"Singapore Changi Airport, Singapore",0.98,1,0,26.3,27.3,0,47.3,"1,015.59",1,1,0,9
24/09/2019 04:14,1.355,103.988,"Singapore Changi Airport, Singapore",0.98,1,0,26.3,27.3,0,47.3,"1,015.77",1,1,0,9
24/09/2019 04:19,1.355,103.988,"Singapore Changi Airport, Singapore",0.98,1,0,26.3,27.3,0,47.4,"1,016.00",1,1,0,9
24/09/2019 04:24,1.355,103.988,"Singapore Changi Airport, Singapore",0.98,1,0,26.3,27.3,0,47.4,"1,016.05",1,1,0,9
24/09/2019 04:29,1.355,103.988,"Singapore Changi Airport, Singapore",0.98,1,0,26.3,27.3,0,47.4,"1,016.04",1,1,0,9
24/09/2019 04:34,1.355,103.988,"Singapore Changi Airport, Singapore",0.98,1,0,26.3,27.3,0,47.4,"1,015.81",1,1,0,9
24/09/2019 04:39,1.355,103.988,"Singapore Changi Airport, Singapore",0.98,1,0,26.3,27.3,0,47.4,"1,015.91",1,1,0,9
24/09/2019 04:44,1.355,103.988,"Singapore Changi Airport, Singapore",0.98,1,0,26.3,27.3,0,47.4,"1,015.94",1,1,0,9
24/09/2019 04:49,1.355,103.988,"Singapore Changi Airport, Singapore",0.98,1,0,26.3,27.3,0,47.4,"1,015.80",1,1,0,9
24/09/2019 04:54,1.355,103.988,"Singapore Changi Airport, Singapore",0.98,1,0,26.3,27.3,0,47.4,"1,015.77",1,1,0,9
24/09/2019 04:59,1.355,103.988,"Singapore Changi Airport, Singapore",0.98,1,0,26.3,27.3,0,47.4,"1,015.61",1,1,0,9
24/09/2019 05:04,1.355,103.988,"Singapore Changi Airport, Singapore",0.98,1,0,26.3,27.3,0,47.4,"1,015.40",1,1,0,9
24/09/2019 05:09,1.355,103.988,"Singapore Changi Airport, Singapore",0.98,1,0,26.3,27.3,0,47.4,"1,015.16",1,1,0,9
24/09/2019 05:14,1.355,103.988,"Singapore Changi Airport, Singapore",0.98,1,0,26.3,27.3,0,47.4,"1,015.34",1,1,0,9
24/09/2019 05:19,1.355,103.988,"Singapore Changi Airport, Singapore",0.98,1,0,26.3,27.3,0,47.4,"1,015.54",1,1,0,9
24/09/2019 05:24,1.355,103.988,"Singapore Changi Airport, Singapore",0.98,1,0,26.3,27.3,0,47.4,"1,015.49",1,1,0,9
24/09/2019 05:29,1.355,103.988,"Singapore Changi Airport, Singapore",0.98,1,0,26.3,27.3,0,47.4,"1,015.45",1,1,0,9
24/09/2019 05:34,1.355,103.988,"Singapore Changi Airport, Singapore",0.98,1,0,26.3,27.3,0,47.4,"1,015.50",1,1,0,9
24/09/2019 05:39,1.355,103.988,"Singapore Changi Airport, Singapore",0.98,1,0,26.3,27.3,0,47.4,"1,015.55",1,1,0,9
24/09/2019 05:44,1.355,103.988,"Singapore Changi Airport, Singapore",0.98,1,0,26.3,27.3,0,47.4,"1,015.66",1,1,0,9
24/09/2019 05:49,1.355,103.988,"Singapore Changi Airport, Singapore",0.98,1,0,26.3,27.3,0,47.4,"1,015.84",1,1,0,9
24/09/2019 05:54,1.355,103.988,"Singapore Changi Airport, Singapore",0.98,1,0,26.3,27.3,0,47.4,"1,015.85",1,1,0,9
24/09/2019 05:59,1.355,103.988,"Singapore Changi Airport, Singapore",0.98,1,0,26.3,27.3,0,47.4,"1,016.03",1,1,0,9
24/09/2019 06:04,1.355,103.988,"Singapore Changi Airport, Singapore",0.98,1,0,26.3,27.3,0,47.4,"1,015.92",1,1,0,9
24/09/2019 06:09,1.355,103.988,"Singapore Changi Airport, Singapore",0.98,1,0,26.3,27.3,0,47.4,"1,015.75",1,1,0,9
24/09/2019 06:14,1.355,103.988,"Singapore Changi Airport, Singapore",0.98,1,0,26.3,27.3,0,47.4,"1,015.61",1,1,0,9
24/09/2019 06:19,1.355,103.988,"Singapore Changi Airport, Singapore",0.98,1,0,26.3,27.3,0,47.4,"1,015.78",1,1,0,9
24/09/2019 06:24,1.355,103.988,"Singapore Changi Airport, Singapore",0.98,1,0,26.3,27.3,0,47.4,"1,015.74",1,1,0,9
24/09/2019 06:29,1.355,103.988,"Singapore Changi Airport, Singapore",0.98,1,0,26.3,27.3,0,47.3,"1,015.58",1,1,0,9
24/09/2019 06:34,1.355,103.988,"Singapore Changi Airport, Singapore",0.98,1,0,26.3,27.3,0,47.3,"1,015.36",1,1,0,9
24/09/2019 06:39,1.355,103.988,"Singapore Changi Airport, Singapore",0.98,1,0,26.3,27.3,0,47.3,"1,015.53",1,1,0,9
24/09/2019 06:44,1.355,103.988,"Singapore Changi Airport, Singapore",0.98,1,0,26.3,27.3,0,47.3,"1,015.51",1,1,0,9
24/09/2019 06:49,1.355,103.988,"Singapore Changi Airport, Singapore",0.98,1,0,26.4,27.4,0,47.3,"1,015.32",1,1,0,9
24/09/2019 06:54,1.355,103.988,"Singapore Changi Airport, Singapore",0.98,1,0,26.4,27.4,0,47.3,"1,015.42",1,1,0,9
24/09/2019 06:59,1.355,103.988,"Singapore Changi Airport, Singapore",0.98,1,0,26.4,27.4,0,47.3,"1,015.50",1,1,0,9
24/09/2019 07:04,1.355,103.988,"Singapore Changi Airport, Singapore",0.98,1,0,26.4,27.4,0,47.2,"1,015.33",1,1,0,9
24/09/2019 07:09,1.355,103.988,"Singapore Changi Airport, Singapore",0.98,1,0,26.4,27.4,0,47.2,"1,015.41",1,1,0,9
24/09/2019 07:14,1.355,103.988,"Singapore Changi Airport, Singapore",0.98,1,0,26.4,27.4,0,47.2,"1,015.27",1,1,0,9
24/09/2019 07:19,1.355,103.988,"Singapore Changi Airport, Singapore",0.98,1,0,26.4,27.4,0,47.2,"1,015.24",1,1,0,9
24/09/2019 07:24,1.355,103.988,"Singapore Changi Airport, Singapore",0.98,1,0,26.4,27.4,0,47.2,"1,014.99",1,1,0,9
24/09/2019 07:29,1.355,103.988,"Singapore Changi Airport, Singapore",0.98,1,0,26.4,27.4,0,47.1,"1,015.00",1,1,0,9
24/09/2019 07:34,1.355,103.988,"Singapore Changi Airport, Singapore",0.98,1,0,26.4,27.4,0,47.1,"1,014.83",1,1,0,9
24/09/2019 07:39,1.355,103.988,"Singapore Changi Airport, Singapore",0.98,1,0,26.4,27.4,0,47.1,"1,014.79",1,1,0,9
24/09/2019 07:44,1.355,103.988,"Singapore Changi Airport, Singapore",0.98,1,0,26.5,27.5,0,47.1,"1,014.76",1,1,0,9
24/09/2019 07:49,1.355,103.988,"Singapore Changi Airport, Singapore",0.98,1,0,26.5,27.5,0,47.1,"1,014.57",1,1,0,9
24/09/2019 07:54,1.355,103.988,"Singapore Changi Airport, Singapore",0.98,1,0,26.5,27.5,0,47,"1,014.34",1,1,0,9
24/09/2019 07:59,1.355,103.988,"Singapore Changi Airport, Singapore",0.98,1,0,26.5,27.5,1,47,"1,014.14",1,1,0,9
24/09/2019 08:04,1.355,103.988,"Singapore Changi Airport, Singapore",0.98,1,0,26.5,27.5,0,47,"1,014.33",1,1,0,9
24/09/2019 08:09,1.355,103.988,"Singapore Changi Airport, Singapore",0.98,1,0,26.5,27.5,0,47,"1,014.14",1,1,0,9
24/09/2019 08:14,1.355,103.988,"Singapore Changi Airport, Singapore",0.98,1,0,26.5,27.5,0,47,"1,013.94",1,1,0,9
24/09/2019 08:19,1.355,103.988,"Singapore Changi Airport, Singapore",0.98,1,0,26.5,27.5,0,46.9,"1,014.16",1,1,0,9
24/09/2019 08:24,1.355,103.988,"Singapore Changi Airport, Singapore",0.98,1,0,26.5,27.5,0,46.9,"1,014.36",1,1,0,9
24/09/2019 08:29,1.355,103.988,"Singapore Changi Airport, Singapore",0.98,1,0,26.5,27.5,0,46.9,"1,014.36",1,1,0,9
24/09/2019 08:34,1.355,103.988,"Singapore Changi Airport, Singapore",0.98,1,0,26.6,27.6,0,46.9,"1,014.13",1,1,0,9
24/09/2019 08:39,1.355,103.988,"Singapore Changi Airport, Singapore",0.98,1,0,26.6,27.6,0,46.9,"1,014.19",1,1,0,9
24/09/2019 08:44,1.355,103.988,"Singapore Changi Airport, Singapore",0.98,0.75,0,26.6,27.6,0,46.9,"1,013.95",1,1,0,9
24/09/2019 08:49,1.355,103.988,"Singapore Changi Airport, Singapore",0.98,0.75,0,26.6,27.6,0,46.8,"1,014.20",1,1,0,9
24/09/2019 08:54,1.355,103.988,"Singapore Changi Airport, Singapore",0.97,0.75,0,26.6,27.6,0,46.8,"1,014.35",1,1,0,9
24/09/2019 08:59,1.355,103.988,"Singapore Changi Airport, Singapore",0.97,0.75,0,26.6,27.6,0,46.8,"1,014.49",1,1,0,9
24/09/2019 09:04,1.355,103.988,"Singapore Changi Airport, Singapore",0.97,0.75,0,26.6,27.6,0,46.8,"1,014.71",1,1,0,9
24/09/2019 09:09,1.355,103.988,"Singapore Changi Airport, Singapore",0.97,0.75,0,26.6,27.6,0,46.8,"1,014.81",1,1,0,9
24/09/2019 09:14,1.355,103.988,"Singapore Changi Airport, Singapore",0.97,0.75,0,26.6,27.6,0,46.8,"1,014.78",1,1,0,9
24/09/2019 09:19,1.355,103.988,"Singapore Changi Airport, Singapore",0.97,0.75,0,26.6,27.6,0,46.7,"1,014.78",1,1,0,9
24/09/2019 09:24,1.355,103.988,"Singapore Changi Airport, Singapore",0.97,0.75,0,26.6,27.6,0,46.7,"1,014.98",1,1,0,9
24/09/2019 09:29,1.355,103.988,"Singapore Changi Airport, Singapore",0.97,0.75,0,26.6,27.6,0,46.7,"1,014.85",1,1,0,9
24/09/2019 09:34,1.355,103.988,"Singapore Changi Airport, Singapore",0.97,0.75,0,26.6,27.6,0,46.7,"1,014.73",1,1,0,9
24/09/2019 09:39,1.355,103.988,"Singapore Changi Airport, Singapore",0.97,0.75,0,26.6,27.6,0,46.7,"1,014.87",1,1,0,9
24/09/2019 09:44,1.355,103.988,"Singapore Changi Airport, Singapore",0.97,0.75,0,26.7,27.7,0,46.7,"1,014.66",1,1,0,9
24/09/2019 09:49,1.355,103.988,"Singapore Changi Airport, Singapore",0.97,0.75,0,26.7,27.7,0,46.7,"1,014.55",1,1,0,9
24/09/2019 09:54,1.355,103.988,"Singapore Changi Airport, Singapore",0.97,0.75,0,26.7,27.7,0,46.7,"1,014.76",1,1,0,9
24/09/2019 09:59,1.355,103.988,"Singapore Changi Airport, Singapore",0.97,0.75,0,26.7,27.7,0,46.7,"1,014.69",1,1,0,9
24/09/2019 10:04,1.355,103.988,"Singapore Changi Airport, Singapore",0.97,0.75,0,26.7,27.7,0,46.7,"1,014.79",1,1,0,9
24/09/2019 10:09,1.355,103.988,"Singapore Changi Airport, Singapore",0.97,0.75,0,26.7,27.7,0,46.7,"1,014.63",1,1,0,9
24/09/2019 10:14,1.355,103.988,"Singapore Changi Airport, Singapore",0.97,0.75,0,26.7,27.7,0,46.7,"1,014.68",1,1,0,9
24/09/2019 10:19,1.355,103.988,"Singapore Changi Airport, Singapore",0.97,0.75,0,26.7,27.7,0,46.7,"1,014.82",1,1,0,9
24/09/2019 10:24,1.355,103.988,"Singapore Changi Airport, Singapore",0.97,0.75,0,26.7,27.7,0,46.7,"1,014.85",1,1,0,9
24/09/2019 10:29,1.355,103.988,"Singapore Changi Airport, Singapore",0.97,0.75,0,26.7,27.7,0,46.7,"1,015.05",1,1,0,9
24/09/2019 10:34,1.355,103.988,"Singapore Changi Airport, Singapore",0.97,0.75,0,26.7,27.7,0,46.7,"1,015.04",1,1,0,9
24/09/2019 10:39,1.355,103.988,"Singapore Changi Airport, Singapore",0.97,0.75,0,26.7,27.7,0,46.7,"1,014.82",1,1,0,9
24/09/2019 10:44,1.355,103.988,"Singapore Changi Airport, Singapore",0.97,0.75,0,26.7,27.7,0,46.7,"1,014.81",1,1,0,9
24/09/2019 10:49,1.355,103.988,"Singapore Changi Airport, Singapore",0.97,0.75,0,26.7,27.7,0,46.7,"1,014.63",1,1,0,9
24/09/2019 10:54,1.355,103.988,"Singapore Changi Airport, Singapore",0.97,0.75,0,26.7,27.7,0,46.7,"1,014.46",1,1,0,9
24/09/2019 10:59,1.355,103.988,"Singapore Changi Airport, Singapore",0.97,0.75,0,26.7,27.7,0,46.7,"1,014.26",1,1,0,9
24/09/2019 11:04,1.355,103.988,"Singapore Changi Airport, Singapore",0.97,0.75,0,26.7,27.7,0,46.7,"1,014.05",1,1,0,9
24/09/2019 11:09,1.355,103.988,"Singapore Changi Airport, Singapore",0.97,0.75,0,26.6,27.6,0,46.7,"1,014.22",1,1,0,9
24/09/2019 11:14,1.355,103.988,"Singapore Changi Airport, Singapore",0.97,0.75,0,26.6,27.6,0,46.7,"1,014.37",1,1,0,9
24/09/2019 11:19,1.355,103.988,"Singapore Changi Airport, Singapore",0.97,0.75,0,26.6,27.6,0,46.7,"1,014.38",1,1,0,9
24/09/2019 11:24,1.355,103.988,"Singapore Changi Airport, Singapore",0.97,0.75,0,26.6,27.6,0,46.7,"1,014.59",1,1,0,9
24/09/2019 11:29,1.355,103.988,"Singapore Changi Airport, Singapore",0.97,0.75,0,26.6,27.6,0,46.7,"1,014.78",1,1,0,9
24/09/2019 11:34,1.355,103.988,"Singapore Changi Airport, Singapore",0.97,0.75,0,26.6,27.6,0,46.8,"1,014.75",1,1,0,9
24/09/2019 11:39,1.355,103.988,"Singapore Changi Airport, Singapore",0.97,0.75,0,26.6,27.6,0,46.8,"1,014.92",1,1,0,9
24/09/2019 11:44,1.355,103.988,"Singapore Changi Airport, Singapore",0.97,0.75,0,26.6,27.6,1,46.8,"1,015.12",1,1,0,9
24/09/2019 11:49,1.355,103.988,"Singapore Changi Airport, Singapore",0.97,0.75,0,26.6,27.6,0,46.8,"1,014.88",1,1,0,9
24/09/2019 11:54,1.355,103.988,"Singapore Changi Airport, Singapore",0.97,0.75,0,26.6,27.6,0,46.8,"1,015.01",1,1,0,9
24/09/2019 11:59,1.355,103.988,"Singapore Changi Airport, Singapore",0.97,0.75,0,26.6,27.6,0,46.8,"1,015.24",1,1,0,9
24/09/2019 12:04,1.355,103.988,"Singapore Changi Airport, Singapore",0.97,0.75,0,26.6,27.6,0,46.9,"1,015.06",1,1,0,9
24/09/2019 12:09,1.355,103.988,"Singapore Changi Airport, Singapore",0.97,0.75,0,26.6,27.6,0,46.9,"1,015.20",1,1,0,9
24/09/2019 12:14,1.355,103.988,"Singapore Changi Airport, Singapore",0.97,0.75,0,26.6,27.6,0,46.9,"1,015.08",1,1,0,9
24/09/2019 12:19,1.355,103.988,"Singapore Changi Airport, Singapore",0.97,0.75,0,26.5,27.5,0,46.9,"1,014.98",1,1,0,9
24/09/2019 12:24,1.355,103.988,"Singapore Changi Airport, Singapore",0.97,0.75,0,26.5,27.5,0,46.9,"1,015.10",1,1,0,9
24/09/2019 12:29,1.355,103.988,"Singapore Changi Airport, Singapore",0.97,0.75,0,26.5,27.5,0,46.9,"1,015.07",1,1,0,9
24/09/2019 12:34,1.355,103.988,"Singapore Changi Airport, Singapore",0.97,0.75,0,26.5,27.5,0,47,"1,014.94",1,1,0,9
24/09/2019 12:39,1.355,103.988,"Singapore Changi Airport, Singapore",0.97,0.75,0,26.5,27.5,0,47,"1,014.91",1,1,0,9
24/09/2019 12:44,1.355,103.988,"Singapore Changi Airport, Singapore",0.97,0.75,0,26.5,27.5,0,47,"1,014.70",1,1,0,9
24/09/2019 12:49,1.355,103.988,"Singapore Changi Airport, Singapore",0.97,0.75,0,26.5,27.5,0,47,"1,014.57",1,1,0,9
24/09/2019 12:54,1.355,103.988,"Singapore Changi Airport, Singapore",0.97,0.75,0,26.5,27.5,0,47,"1,014.75",1,1,0,9
24/09/2019 12:59,1.355,103.988,"Singapore Changi Airport, Singapore",0.97,1,0,26.5,27.5,0,47.1,"1,014.55",1,1,0,9
24/09/2019 13:04,1.355,103.988,"Singapore Changi Airport, Singapore",0.97,1,0,26.5,27.5,0,47.1,"1,014.48",1,1,0,9
24/09/2019 13:09,1.355,103.988,"Singapore Changi Airport, Singapore",0.97,1,0,26.4,27.4,0,47.1,"1,014.36",1,1,0,9
24/09/2019 13:14,1.355,103.988,"Singapore Changi Airport, Singapore",0.97,1,0,26.4,27.4,0,47.1,"1,014.34",1,1,0,9
24/09/2019 13:19,1.355,103.988,"Singapore Changi Airport, Singapore",0.97,1,0,26.4,27.4,0,47.1,"1,014.46",1,1,0,9
24/09/2019 13:24,1.355,103.988,"Singapore Changi Airport, Singapore",0.97,1,0,26.4,27.4,0,47.2,"1,014.34",1,1,0,9
24/09/2019 13:29,1.355,103.988,"Singapore Changi Airport, Singapore",0.97,1,0,26.4,27.4,0,47.2,"1,014.18",1,1,0,9
24/09/2019 13:34,1.355,103.988,"Singapore Changi Airport, Singapore",0.97,1,0,26.4,27.4,1,47.2,"1,014.42",1,1,0,9
24/09/2019 13:39,1.355,103.988,"Singapore Changi Airport, Singapore",0.97,1,0,26.4,27.4,0,47.2,"1,014.52",1,1,0,9
24/09/2019 13:44,1.355,103.988,"Singapore Changi Airport, Singapore",0.97,1,0,26.4,27.4,0,47.2,"1,014.45",1,1,0,9
24/09/2019 13:49,1.355,103.988,"Singapore Changi Airport, Singapore",0.97,1,0,26.4,27.4,0,47.3,"1,014.24",1,1,0,9
24/09/2019 13:54,1.355,103.988,"Singapore Changi Airport, Singapore",0.97,1,0,26.4,27.4,0,47.3,"1,014.15",1,1,0,9
24/09/2019 13:59,1.355,103.988,"Singapore Changi Airport, Singapore",0.97,1,0,26.4,27.4,0,47.3,"1,014.27",1,1,0,9
24/09/2019 14:04,1.355,103.988,"Singapore Changi Airport, Singapore",0.97,1,0,26.3,27.3,0,47.3,"1,014.14",1,1,0,9
24/09/2019 14:09,1.355,103.988,"Singapore Changi Airport, Singapore",0.97,1,0,26.3,27.3,0,47.3,"1,014.24",1,1,0,9
24/09/2019 14:14,1.355,103.988,"Singapore Changi Airport, Singapore",0.97,1,0,26.3,27.3,0,47.3,"1,014.14",1,1,0,9
24/09/2019 14:19,1.355,103.988,"Singapore Changi Airport, Singapore",0.97,1,0,26.3,27.3,0,47.3,"1,013.97",1,1,0,9
24/09/2019 14:24,1.355,103.988,"Singapore Changi Airport, Singapore",0.97,1,0,26.3,27.3,0,47.4,"1,014.03",1,1,0,9
24/09/2019 14:29,1.355,103.988,"Singapore Changi Airport, Singapore",0.97,1,0,26.3,27.3,0,47.4,"1,014.08",1,1,0,9
24/09/2019 14:34,1.355,103.988,"Singapore Changi Airport, Singapore",0.97,1,0,26.3,27.3,0,47.4,"1,013.89",1,1,0,9
24/09/2019 14:39,1.355,103.988,"Singapore Changi Airport, Singapore",0.97,1,0,26.3,27.3,0,47.4,"1,014.06",1,1,0,9
24/09/2019 14:44,1.355,103.988,"Singapore Changi Airport, Singapore",0.97,1,0,26.3,27.3,0,47.4,"1,014.20",1,1,0,9
24/09/2019 14:49,1.355,103.988,"Singapore Changi Airport, Singapore",0.97,1,0,26.3,27.3,0,47.4,"1,014.16",1,1,0,9
24/09/2019 14:54,1.355,103.988,"Singapore Changi Airport, Singapore",0.97,1,0,26.3,27.3,0,47.4,"1,014.25",1,1,0,9
24/09/2019 14:59,1.355,103.988,"Singapore Changi Airport, Singapore",0.97,1,0,26.3,27.3,0,47.4,"1,014.31",1,1,0,9
24/09/2019 15:04,1.355,103.988,"Singapore Changi Airport, Singapore",0.97,1,0,26.3,27.3,0,47.4,"1,014.22",1,1,0,9
24/09/2019 15:09,1.355,103.988,"Singapore Changi Airport, Singapore",0.97,1,0,26.3,27.3,0,47.4,"1,014.17",1,1,0,9
24/09/2019 15:14,1.355,103.988,"Singapore Changi Airport, Singapore",0.97,1,0,26.3,27.3,0,47.4,"1,013.93",1,1,0,9
24/09/2019 15:19,1.355,103.988,"Singapore Changi Airport, Singapore",0.97,1,0,26.3,27.3,0,47.4,"1,013.78",1,1,0,9
24/09/2019 15:24,1.355,103.988,"Singapore Changi Airport, Singapore",0.97,1,0,26.3,27.3,0,47.4,"1,013.99",1,1,0,9
24/09/2019 15:29,1.355,103.988,"Singapore Changi Airport, Singapore",0.97,1,0,26.3,27.3,0,47.4,"1,013.79",1,1,0,9
24/09/2019 15:34,1.355,103.988,"Singapore Changi Airport, Singapore",0.97,1,0,26.3,27.3,0,47.4,"1,013.82",1,1,0,9
24/09/2019 15:39,1.355,103.988,"Singapore Changi Airport, Singapore",0.97,1,0,26.3,27.3,0,47.4,"1,013.71",1,1,0,9
24/09/2019 15:44,1.355,103.988,"Singapore Changi Airport, Singapore",0.97,1,0,26.3,27.3,0,47.4,"1,013.81",1,1,0,9
24/09/2019 15:49,1.355,103.988,"Singapore Changi Airport, Singapore",0.97,1,0,26.3,27.3,0,47.4,"1,013.86",1,1,0,9
24/09/2019 15:54,1.355,103.988,"Singapore Changi Airport, Singapore",0.97,1,0,26.3,27.3,0,47.4,"1,013.62",1,1,0,9
24/09/2019 15:59,1.355,103.988,"Singapore Changi Airport, Singapore",0.97,1,0,26.3,27.3,0,47.4,"1,013.45",1,1,0,9
24/09/2019 16:04,1.355,103.988,"Singapore Changi Airport, Singapore",0.97,1,0,26.3,27.3,0,47.4,"1,013.60",1,1,0,9
24/09/2019 16:09,1.355,103.988,"Singapore Changi Airport, Singapore",0.97,1,0,26.3,27.3,0,47.4,"1,013.40",1,1,0,9
24/09/2019 16:14,1.355,103.988,"Singapore Changi Airport, Singapore",0.97,1,0,26.3,27.3,0,47.4,"1,013.34",1,1,0,9
24/09/2019 16:19,1.355,103.988,"Singapore Changi Airport, Singapore",0.97,1,0,26.3,27.3,0,47.4,"1,013.36",1,1,0,9
24/09/2019 16:24,1.355,103.988,"Singapore Changi Airport, Singapore",0.97,1,0,26.3,27.3,0,47.4,"1,013.39",1,1,0,9
24/09/2019 16:29,1.355,103.988,"Singapore Changi Airport, Singapore",0.97,1,0,26.3,27.3,0,47.4,"1,013.40",1,1,0,9
24/09/2019 16:34,1.355,103.988,"Singapore Changi Airport, Singapore",0.97,1,0,26.3,27.3,0,47.3,"1,013.52",1,1,0,9
24/09/2019 16:39,1.355,103.988,"Singapore Changi Airport, Singapore",0.97,1,0,26.3,27.3,0,47.3,"1,013.30",1,1,0,9
24/09/2019 16:44,1.355,103.988,"Singapore Changi Airport, Singapore",0.97,1,0,26.3,27.3,0,47.3,"1,013.43",1,1,0,9
24/09/2019 16:49,1.355,103.988,"Singapore Changi Airport, Singapore",0.97,1,0,26.4,27.4,0,47.3,"1,013.19",1,1,0,9
24/09/2019 16:54,1.355,103.988,"Singapore Changi Airport, Singapore",0.97,1,0,26.4,27.4,0,47.3,"1,012.95",1,1,0,9
24/09/2019 16:59,1.355,103.988,"Singapore Changi Airport, Singapore",0.97,1,0,26.4,27.4,0,47.3,"1,013.08",1,1,0,9
24/09/2019 17:04,1.355,103.988,"Singapore Changi Airport, Singapore",0.97,1,0,26.4,27.4,0,47.2,"1,013.01",1,1,0,9
24/09/2019 17:09,1.355,103.988,"Singapore Changi Airport, Singapore",0.97,1,0,26.4,27.4,0,47.2,"1,012.95",1,1,0,9
24/09/2019 17:14,1.355,103.988,"Singapore Changi Airport, Singapore",0.96,1,0,26.4,27.4,0,47.2,"1,012.93",1,1,0,9
24/09/2019 17:19,1.355,103.988,"Singapore Changi Airport, Singapore",0.96,1,0,26.4,27.4,0,47.2,"1,012.98",1,1,0,9
24/09/2019 17:24,1.355,103.988,"Singapore Changi Airport, Singapore",0.96,1,0,26.4,27.4,0,47.2,"1,013.22",1,1,0,9
24/09/2019 17:29,1.355,103.988,"Singapore Changi Airport, Singapore",0.96,1,0,26.4,27.4,0,47.2,"1,013.06",1,1,0,9
24/09/2019 17:34,1.355,103.988,"Singapore Changi Airport, Singapore",0.96,1,0,26.4,27.4,0,47.1,"1,012.91",1,1,0,9
24/09/2019 17:39,1.355,103.988,"Singapore Changi Airport, Singapore",0.96,1,0,26.4,27.4,0,47.1,"1,012.74",1,1,0,9
24/09/2019 17:44,1.355,103.988,"Singapore Changi Airport, Singapore",0.96,1,0,26.5,27.5,0,47.1,"1,012.54",1,1,0,9
24/09/2019 17:49,1.355,103.988,"Singapore Changi Airport, Singapore",0.96,1,0,26.5,27.5,0,47.1,"1,012.36",1,1,0,9
24/09/2019 17:54,1.355,103.988,"Singapore Changi Airport, Singapore",0.96,1,0,26.5,27.5,0,47.1,"1,012.11",1,1,0,9
24/09/2019 17:59,1.355,103.988,"Singapore Changi Airport, Singapore",0.96,1,0,26.5,27.5,0,47,"1,012.28",1,1,0,9
24/09/2019 18:04,1.355,103.988,"Singapore Changi Airport, Singapore",0.96,1,0,26.5,27.5,0,47,"1,012.38",1,1,0,9
24/09/2019 18:09,1.355,103.988,"Singapore Changi Airport, Singapore",0.96,1,0,26.5,27.5,0,47,"1,012.55",1,1,0,9
24/09/2019 18:14,1.355,103.988,"Singapore Changi Airport, Singapore",0.96,1,0,26.5,27.5,0,47,"1,012.41",1,1,0,9
24/09/2019 18:19,1.355,103.988,"Singapore Changi Airport, Singapore",0.96,1,0,26.5,27.5,0,47,"1,012.19",1,1,0,9
24/09/2019 18:24,1.355,103.988,"Singapore Changi Airport, Singapore",0.96,1,0,26.5,27.5,0,46.9,"1,011.94",1,1,0,9
24/09/2019 18:29,1.355,103.988,"Singapore Changi Airport, Singapore",0.96,1,0,26.5,27.5,0,46.9,"1,012.13",1,1,0,9
24/09/2019 18:34,1.355,103.988,"Singapore Changi Airport, Singapore",0.96,1,0,26.5,27.5,1,46.9,"1,012.15",1,1,0,9
24/09/2019 18:39,1.355,103.988,"Singapore Changi Airport, Singapore",0.96,1,0,26.6,27.6,0,46.9,"1,011.98",1,1,0,9
24/09/2019 18:44,1.355,103.988,"Singapore Changi Airport, Singapore",0.96,1,0,26.6,27.6,0,46.9,"1,012.00",1,1,0,9
24/09/2019 18:49,1.355,103.988,"Singapore Changi Airport, Singapore",0.96,1,0,26.6,27.6,0,46.8,"1,012.13",1,1,0,9
24/09/2019 18:54,1.355,103.988,"Singapore Changi Airport, Singapore",0.96,1,0,26.6,27.6,0,46.8,"1,011.93",1,1,0,9
24/09/2019 18:59,1.355,103.988,"Singapore Changi Airport, Singapore",0.96,1,0,26.6,27.6,0,46.8,"1,011.94",1,1,0,9
24/09/2019 19:04,1.355,103.988,"Singapore Changi Airport, Singapore",0.96,1,0,26.6,27.6,0,46.8,"1,011.72",1,1,0,9
24/09/2019 19:09,1.355,103.988,"Singapore Changi Airport, Singapore",0.96,1,0,26.6,27.6,0,46.8,"1,011.83",1,1,0,9
24/09/2019 19:14,1.355,103.988,"Singapore Changi Airport, Singapore",0.96,1,0,26.6,27.6,0,46.8,"1,011.69",1,1,0,9
24/09/2019 19:19,1.355,103.988,"Singapore Changi Airport, Singapore",0.96,1,0,26.6,27.6,0,46.8,"1,011.63",1,1,0,9
24/09/2019 19:24,1.355,103.988,"Singapore Changi Airport, Singapore",0.96,1,0,26.6,27.6,0,46.7,"1,011.45",1,1,0,9
24/09/2019 19:29,1.355,103.988,"Singapore Changi Airport, Singapore",0.96,1,0,26.6,27.6,0,46.7,"1,011.57",1,1,0,9
24/09/2019 19:34,1.355,103.988,"Singapore Changi Airport, Singapore",0.96,1,0,26.6,27.6,0,46.7,"1,011.78",1,1,0,9
24/09/2019 19:39,1.355,103.988,"Singapore Changi Airport, Singapore",0.96,1,0,26.6,27.6,0,46.7,"1,011.91",1,1,0,9
24/09/2019 19:44,1.355,103.988,"Singapore Changi Airport, Singapore",0.96,1,0,26.6,27.6,0,46.7,"1,011.70",1,1,0,9
24/09/2019 19:49,1.355,103.988,"Singapore Changi Airport, Singapore",0.96,1,0,26.7,27.7,0,46.7,"1,011.94",1,1,0,9
24/09/2019 19:54,1.355,103.988,"Singapore Changi Airport, Singapore",0.96,1,0,26.7,27.7,0,46.7,"1,011.81",1,1,0,9
24/09/2019 19:59,1.355,103.988,"Singapore Changi Airport, Singapore",0.96,1,0,26.7,27.7,0,46.7,"1,011.79",1,1,0,9
24/09/2019 20:04,1.355,103.988,"Singapore Changi Airport, Singapore",0.96,1,0,26.7,27.7,0,46.7,"1,011.74",1,1,0,9
24/09/2019 20:09,1.355,103.988,"Singapore Changi Airport, Singapore",0.96,1,0,26.7,27.7,0,46.7,"1,011.97",1,1,0,9
24/09/2019 20:14,1.355,103.988,"Singapore Changi Airport, Singapore",0.96,1,0,26.7,27.7,0,46.7,"1,011.91",1,1,0,9
24/09/2019 20:19,1.355,103.988,"Singapore Changi Airport, Singapore",0.96,1,0,26.7,27.7,0,46.7,"1,011.88",1,1,0,9
24/09/2019 20:24,1.355,103.988,"Singapore Changi Airport, Singapore",0.96,1,0,26.7,27.7,0,46.7,"1,011.89",1,1,0,9
24/09/2019 20:29,1.355,103.988,"Singapore Changi Airport, Singapore",0.96,1,0,26.7,27.7,0,46.7,"1,011.72",1,1,0,9
24/09/2019 20:34,1.355,103.988,"Singapore Changi Airport, Singapore",0.96,1,0,26.7,27.7,0,46.7,"1,011.81",1,1,0,9
24/09/2019 20:39,1.355,103.988,"Singapore Changi Airport, Singapore",0.96,1,0,26.7,27.7,0,46.7,"1,011.74",1,1,0,9
24/09/2019 20:44,1.355,103.988,"Singapore Changi Airport, Singapore",0.96,1,0,26.7,27.7,0,46.7,"1,011.80",1,1,0,9
24/09/2019 20:49,1.355,103.988,"Singapore Changi Airport, Singapore",0.96,1,0,26.7,27.7,0,46.7,"1,011.77",1,1,0,9
24/09/2019 20:54,1.355,103.988,"Singapore Changi Airport, Singapore",0.96,1,0,26.7,27.7,0,46.7,"1,011.83",1,1,0,9
24/09/2019 20:59,1.355,103.988,"Singapore Changi Airport, Singapore",0.96,1,0,26.7,27.7,0,46.7,"1,011.64",1,1,0,9
24/09/2019 21:04,1.355,103.988,"Singapore Changi Airport, Singapore",0.96,1,0,26.7,27.7,0,46.7,"1,011.80",1,1,0,9
24/09/2019 21:09,1.355,103.988,"Singapore Changi Airport, Singapore",0.96,1,0,26.7,27.7,0,46.7,"1,011.90",1,1,0,9
24/09/2019 21:14,1.355,103.988,"Singapore Changi Airport, Singapore",0.96,1,0,26.6,27.6,0,46.7,"1,012.05",1,1,0,9
24/09/2019 21:19,1.355,103.988,"Singapore Changi Airport, Singapore",0.96,1,0,26.6,27.6,0,46.7,"1,011.85",1,1,0,9
24/09/2019 21:24,1.355,103.988,"Singapore Changi Airport, Singapore",0.96,1,0,26.6,27.6,0,46.7,"1,011.87",1,1,0,9
24/09/2019 21:29,1.355,103.988,"Singapore Changi Airport, Singapore",0.96,1,0,26.6,27.6,0,46.7,"1,011.87",1,1,0,9
24/09/2019 21:34,1.355,103.988,"Singapore Changi Airport, Singapore",0.96,1,0,26.6,27.6,0,46.8,"1,011.94",1,1,0,9
24/09/2019 21:39,1.355,103.988,"Singapore Changi Airport, Singapore",0.96,1,0,26.6,27.6,0,46.8,"1,012.10",1,1,0,9
24/09/2019 21:44,1.355,103.988,"Singapore Changi Airport, Singapore",0.96,1,0,26.6,27.6,0,46.8,"1,012.14",1,1,0,9
24/09/2019 21:49,1.355,103.988,"Singapore Changi Airport, Singapore",0.96,1,0,26.6,27.6,0,46.8,"1,012.08",1,1,0,9
24/09/2019 21:54,1.355,103.988,"Singapore Changi Airport, Singapore",0.96,1,0,26.6,27.6,0,46.8,"1,011.94",1,1,0,9
24/09/2019 21:59,1.355,103.988,"Singapore Changi Airport, Singapore",0.96,1,0,26.6,27.6,0,46.8,"1,012.12",1,1,0,9
24/09/2019 22:04,1.355,103.988,"Singapore Changi Airport, Singapore",0.96,1,0,26.6,27.6,0,46.8,"1,012.26",1,1,0,9
24/09/2019 22:09,1.355,103.988,"Singapore Changi Airport, Singapore",0.96,1,0,26.6,27.6,0,46.9,"1,012.44",1,1,0,9
24/09/2019 22:14,1.355,103.988,"Singapore Changi Airport, Singapore",0.96,1,0,26.6,27.6,0,46.9,"1,012.65",1,1,0,9
24/09/2019 22:19,1.355,103.988,"Singapore Changi Airport, Singapore",0.96,1,0,26.6,27.6,0,46.9,"1,012.65",1,1,0,9
24/09/2019 22:24,1.355,103.988,"Singapore Changi Airport, Singapore",0.96,1,0,26.5,27.5,0,46.9,"1,012.48",1,1,0,9
24/09/2019 22:29,1.355,103.988,"Singapore Changi Airport, Singapore",0.96,1,0,26.5,27.5,0,46.9,"1,012.37",1,1,0,9
24/09/2019 22:34,1.355,103.988,"Singapore Changi Airport, Singapore",0.96,1,0,26.5,27.5,0,47,"1,012.39",1,1,0,9
24/09/2019 22:39,1.355,103.988,"Singapore Changi Airport, Singapore",0.96,1,0,26.5,27.5,0,47,"1,012.43",1,1,0,9
24/09/2019 22:44,1.355,103.988,"Singapore Changi Airport, Singapore",0.96,1,0,26.5,27.5,0,47,"1,012.64",1,1,0,9
24/09/2019 22:49,1.355,103.988,"Singapore Changi Airport, Singapore",0.96,1,0,26.5,27.5,0,47,"1,012.71",1,1,0,9
24/09/2019 22:54,1.355,103.988,"Singapore Changi Airport, Singapore",0.96,1,0,26.5,27.5,0,47,"1,012.72",1,1,0,9
24/09/2019 22:59,1.355,103.988,"Singapore Changi Airport, Singapore",0.96,1,0,26.5,27.5,0,47.1,"1,012.76",1,1,0,9
24/09/2019 23:04,1.355,103.988,"Singapore Changi Airport, Singapore",0.96,1,0,26.5,27.5,0,47.1,"1,012.79",1,1,0,9
24/09/2019 23:09,1.355,103.988,"Singapore Changi Airport, Singapore",0.96,1,0,26.5,27.5,0,47.1,"1,012.67",1,1,0,9
24/09/2019 23:14,1.355,103.988,"Singapore Changi Airport, Singapore",0.96,1,0,26.4,27.4,0,47.1,"1,012.65",1,1,0,9
24/09/2019 23:19,1.355,103.988,"Singapore Changi Airport, Singapore",0.96,1,0,26.4,27.4,0,47.1,"1,012.66",1,1,0,9
24/09/2019 23:24,1.355,103.988,"Singapore Changi Airport, Singapore",0.96,1,0,26.4,27.4,0,47.2,"1,012.80",1,1,0,9
24/09/2019 23:29,1.355,103.988,"Singapore Changi Airport, Singapore",0.96,1,0,26.4,27.4,0,47.2,"1,012.57",1,1,0,9
24/09/2019 23:34,1.355,103.988,"Singapore Changi Airport, Singapore",0.96,1,0,26.4,27.4,0,47.2,"1,012.37",1,1,0,9
24/09/2019 23:39,1.355,103.988,"Singapore Changi Airport, Singapore",0.96,1,0,26.4,27.4,0,47.2,"1,012.37",1,1,0,9
24/09/2019 23:44,1.355,103.988,"Singapore Changi Airport, Singapore",0.96,1,0,26.4,27.4,0,47.2,"1,012.30",1,1,0,9
24/09/2019 23:49,1.355,103.988,"Singapore Changi Airport, Singapore",0.96,1,0,26.4,27.4,0,47.2,"1,012.21",1,1,0,9
24/09/2019 23:54,1.355,103.988,"Singapore Changi Airport, Singapore",0.96,1,0,26.4,27.4,0,47.3,"1,012.27",1,1,0,9
24/09/2019 23:59,1.355,103.988,"Singapore Changi Airport, Singapore",0.96,1,0,26.4,27.4,0,47.3,"1,012.30",1,1,0,9
25/09/2019 00:04,1.355,103.988,"Singapore Changi Airport, Singapore",0.96,1,0,26.4,27.4,0,47.3,"1,012.42",1,1,0,9
25/09/2019 00:09,1.355,103.988,"Singapore Changi Airport, Singapore",0.96,1,0,26.3,27.3,0,47.3,"1,012.20",1,1,0,9
25/09/2019 00:14,1.355,103.988,"Singapore Changi Airport, Singapore",0.96,1,0,26.3,27.3,0,47.3,"1,012.34",1,1,0,9
25/09/2019 00:19,1.355,103.988,"Singapore Changi Airport, Singapore",0.96,1,0,26.3,27.3,0,47.3,"1,012.33",1,1,0,9
25/09/2019 00:24,1.355,103.988,"Singapore Changi Airport, Singapore",0.96,1,0,26.3,27.3,0,47.3,"1,012.49",1,1,0,9
25/09/2019 00:29,1.355,103.988,"Singapore Changi Airport, Singapore",0.96,1,0,26.3,27.3,0,47.4,"1,012.50",1,1,0,9
25/09/2019 00:34,1.355,103.988,"Singapore Changi Airport, Singapore",0.96,1,0,26.3,27.3,0,47.4,"1,012.45",1,1,0,9
25/09/2019 00:39,1.355,103.988,"Singapore Changi Airport, Singapore",0.96,1,0,26.3,27.3,0,47.4,"1,012.42",1,1,0,9
25/09/2019 00:44,1.355,103.988,"Singapore Changi Airport, Singapore",0.96,1,0,26.3,27.3,0,47.4,"1,012.39",1,1,0,9
25/09/2019 00:49,1.355,103.988,"Singapore Changi Airport, Singapore",0.96,1,0,26.3,27.3,0,47.4,"1,012.50",1,1,0,9
25/09/2019 00:54,1.355,103.988,"Singapore Changi Airport, Singapore",0.96,1,0,26.3,27.3,0,47.4,"1,012.72",1,1,0,9
25/09/2019 00:59,1.355,103.988,"Singapore Changi Airport, Singapore",0.96,1,0,26.3,27.3,0,47.4,"1,012.70",1,1,0,9
25/09/2019 01:04,1.355,103.988,"Singapore Changi Airport, Singapore",0.96,1,0,26.3,27.3,0,47.4,"1,012.81",1,1,0,9
25/09/2019 01:09,1.355,103.988,"Singapore Changi Airport, Singapore",0.96,1,0,26.3,27.3,0,47.4,"1,012.94",1,1,0,9
25/09/2019 01:14,1.355,103.988,"Singapore Changi Airport, Singapore",0.96,1,0,26.3,27.3,0,47.4,"1,012.98",1,1,0,9
25/09/2019 01:19,1.355,103.988,"Singapore Changi Airport, Singapore",0.96,1,0,26.3,27.3,0,47.4,"1,012.86",1,1,0,9
25/09/2019 01:24,1.355,103.988,"Singapore Changi Airport, Singapore",0.96,1,0,26.3,27.3,0,47.4,"1,013.03",1,1,0,9
25/09/2019 01:29,1.355,103.988,"Singapore Changi Airport, Singapore",0.96,1,0,26.3,27.3,0,47.4,"1,012.84",1,1,0,9
25/09/2019 01:34,1.355,103.988,"Singapore Changi Airport, Singapore",0.95,1,0,26.3,27.3,0,47.4,"1,012.83",1,1,0,9
25/09/2019 01:39,1.355,103.988,"Singapore Changi Airport, Singapore",0.95,1,0,26.3,27.3,0,47.4,"1,012.70",1,1,0,9
25/09/2019 01:44,1.355,103.988,"Singapore Changi Airport, Singapore",0.95,1,0,26.3,27.3,0,47.4,"1,012.47",1,1,0,9
25/09/2019 01:49,1.355,103.988,"Singapore Changi Airport, Singapore",0.95,1,0,26.3,27.3,0,47.4,"1,012.64",1,1,0,9
25/09/2019 01:54,1.355,103.988,"Singapore Changi Airport, Singapore",0.95,1,0,26.3,27.3,0,47.4,"1,012.49",1,1,0,9
25/09/2019 01:59,1.355,103.988,"Singapore Changi Airport, Singapore",0.95,1,0,26.3,27.3,0,47.4,"1,012.44",1,1,0,9
25/09/2019 02:04,1.355,103.988,"Singapore Changi Airport, Singapore",0.95,1,0,26.3,27.3,0,47.4,"1,012.37",1,1,0,9
25/09/2019 02:09,1.355,103.988,"Singapore Changi Airport, Singapore",0.95,1,0,26.3,27.3,0,47.4,"1,012.24",1,1,0,9
25/09/2019 02:14,1.355,103.988,"Singapore Changi Airport, Singapore",0.95,1,0,26.3,27.3,1,47.4,"1,012.33",1,1,0,9
25/09/2019 02:19,1.355,103.988,"Singapore Changi Airport, Singapore",0.95,1,0,26.3,27.3,0,47.4,"1,012.57",1,1,0,9
25/09/2019 02:24,1.355,103.988,"Singapore Changi Airport, Singapore",0.95,1,0,26.3,27.3,0,47.4,"1,012.49",1,1,0,9
25/09/2019 02:29,1.355,103.988,"Singapore Changi Airport, Singapore",0.95,1,0,26.3,27.3,0,47.4,"1,012.65",1,1,0,9
25/09/2019 02:34,1.355,103.988,"Singapore Changi Airport, Singapore",0.95,1,0,26.3,27.3,0,47.3,"1,012.40",1,1,0,9
25/09/2019 02:39,1.355,103.988,"Singapore Changi Airport, Singapore",0.95,1,0,26.3,27.3,0,47.3,"1,012.34",1,1,0,9
25/09/2019 02:44,1.355,103.988,"Singapore Changi Airport, Singapore",0.95,1,0,26.3,27.3,0,47.3,"1,012.14",1,1,0,9
25/09/2019 02:49,1.355,103.988,"Singapore Changi Airport, Singapore",0.95,1,0,26.3,27.3,0,47.3,"1,012.27",1,1,0,9
25/09/2019 02:54,1.355,103.988,"Singapore Changi Airport, Singapore",0.95,1,0,26.4,27.4,0,47.3,"1,012.24",1,1,0,9
25/09/2019 02:59,1.355,103.988,"Singapore Changi Airport, Singapore",0.95,1,0,26.4,27.4,0,47.3,"1,012.25",1,1,0,9
25/09/2019 03:04,1.355,103.988,"Singapore Changi Airport, Singapore",0.95,1,0,26.4,27.4,0,47.3,"1,012.37",1,1,0,9
25/09/2019 03:09,1.355,103.988,"Singapore Changi Airport, Singapore",0.95,1,0,26.4,27.4,0,47.2,"1,012.21",1,1,0,9
25/09/2019 03:14,1.355,103.988,"Singapore Changi Airport, Singapore",0.95,1,0,26.4,27.4,0,47.2,"1,011.99",1,1,0,9
25/09/2019 03:19,1.355,103.988,"Singapore Changi Airport, Singapore",0.95,1,0,26.4,27.4,0,47.2,"1,011.87",1,1,0,9
25/09/2019 03:24,1.355,103.988,"Singapore Changi Airport, Singapore",0.95,1,0,26.4,27.4,0,47.2,"1,011.69",1,1,0,9
25/09/2019 03:29,1.355,103.988,"Singapore Changi Airport, Singapore",0.95,1,0,26.4,27.4,0,47.2,"1,011.87",1,1,0,9
25/09/2019 03:34,1.355,103.988,"Singapore Changi Airport, Singapore",0.95,1,0,26.4,27.4,0,47.1,"1,011.77",1,1,0,9
25/09/2019 03:39,1.355,103.988,"Singapore Changi Airport, Singapore",0.95,1,0,26.4,27.4,0,47.1,"1,011.96",1,1,0,9
25/09/2019 03:44,1.355,103.988,"Singapore Changi Airport, Singapore",0.95,1,0,26.4,27.4,0,47.1,"1,012.09",1,1,0,9
25/09/2019 03:49,1.355,103.988,"Singapore Changi Airport, Singapore",0.95,1,0,26.5,27.5,0,47.1,"1,012.24",1,1,0,9
25/09/2019 03:54,1.355,103.988,"Singapore Changi Airport, Singapore",0.95,1,0,26.5,27.5,0,47.1,"1,012.45",1,1,0,9
25/09/2019 03:59,1.355,103.988,"Singapore Changi Airport, Singapore",0.95,1,0,26.5,27.5,0,47.1,"1,012.47",1,1,0,9
25/09/2019 04:04,1.355,103.988,"Singapore Changi Airport, Singapore",0.95,1,0,26.5,27.5,0,47,"1,012.51",1,1,0,9
25/09/2019 04:09,1.355,103.988,"Singapore Changi Airport, Singapore",0.95,1,0,26.5,27.5,0,47,"1,012.71",1,1,0,9
25/09/2019 04:14,1.355,103.988,"Singapore Changi Airport, Singapore",0.95,1,0,26.5,27.5,0,47,"1,012.63",1,1,0,9
25/09/2019 04:19,1.355,103.988,"Singapore Changi Airport, Singapore",0.95,1,0,26.5,27.5,0,47,"1,012.41",1,1,0,9
25/09/2019 04:24,1.355,103.988,"Singapore Changi Airport, Singapore",0.95,1,0,26.5,27.5,0,47,"1,012.54",1,1,0,9
25/09/2019 04:29,1.355,103.988,"Singapore Changi Airport, Singapore",0.95,1,0,26.5,27.5,0,46.9,"1,012.35",1,1,0,9
25/09/2019 04:34,1.355,103.988,"Singapore Changi Airport, Singapore",0.95,1,0,26.5,27.5,0,46.9,"1,012.32",1,1,0,9
25/09/2019 04:39,1.355,103.988,"Singapore Changi Airport, Singapore",0.95,1,0,26.6,27.6,0,46.9,"1,012.12",1,1,0,9
25/09/2019 04:44,1.355,103.988,"Singapore Changi Airport, Singapore",0.95,1,0,26.6,27.6,0,46.9,"1,011.94",1,1,0,9
25/09/2019 04:49,1.355,103.988,"Singapore Changi Airport, Singapore",0.95,1,0,26.6,27.6,0,46.9,"1,011.92",1,1,0,9
25/09/2019 04:54,1.355,103.988,"Singapore Changi Airport, Singapore",0.95,1,0,26.6,27.6,0,46.8,"1,012.00",1,1,0,9
25/09/2019 04:59,1.355,103.988,"Singapore Changi Airport, Singapore",0.95,1,0,26.6,27.6,0,46.8,"1,011.81",1,1,0,9
25/09/2019 05:04,1.355,103.988,"Singapore Changi Airport, Singapore",0.95,1,0,26.6,27.6,0,46.8,"1,011.96",1,1,0,9
25/09/2019 05:09,1.355,103.988,"Singapore Changi Airport, Singapore",0.95,1,0,26.6,27.6,0,46.8,"1,012.00",1,1,0,9
25/09/2019 05:14,1.355,103.988,"Singapore Changi Airport, Singapore",0.95,1,0,26.6,27.6,0,46.8,"1,012.21",1,1,0,9
25/09/2019 05:19,1.355,103.988,"Singapore Changi Airport, Singapore",0.95,1,0,26.6,27.6,0,46.8,"1,012.10",1,1,0,9
25/09/2019 05:24,1.355,103.988,"Singapore Changi Airport, Singapore",0.95,1,0,26.6,27.6,0,46.8,"1,011.89",1,1,0,9
25/09/2019 05:29,1.355,103.988,"Singapore Changi Airport, Singapore",0.95,1,0,26.6,27.6,0,46.7,"1,011.75",1,1,0,9
25/09/2019 05:34,1.355,103.988,"Singapore Changi Airport, Singapore",0.95,1,0,26.6,27.6,0,46.7,"1,011.95",1,1,0,9
25/09/2019 05:39,1.355,103.988,"Singapore Changi Airport, Singapore",0.95,1,0,26.6,27.6,0,46.7,"1,011.88",1,1,0,9
25/09/2019 05:44,1.355,103.988,"Singapore Changi Airport, Singapore",0.95,1,0,26.6,27.6,0,46.7,"1,011.88",1,1,0,9
25/09/2019 05:49,1.355,103.988,"Singapore Changi Airport, Singapore",0.95,1,0,26.7,27.7,0,46.7,"1,011.86",1,1,0,9
25/09/2019 05:54,1.355,103.988,"Singapore Changi Airport, Singapore",0.95,1,0,26.7,27.7,0,46.7,"1,011.92",1,1,0,9
25/09/2019 05:59,1.355,103.988,"Singapore Changi Airport, Singapore",0.95,1,0,26.7,27.7,0,46.7,"1,012.09",1,1,0,9
25/09/2019 06:04,1.355,103.988,"Singapore Changi Airport, Singapore",0.95,1,0,26.7,27.7,0,46.7,"1,012.04",1,1,0,9
25/09/2019 06:09,1.355,103.988,"Singapore Changi Airport, Singapore",0.95,1,0,26.7,27.7,0,46.7,"1,012.00",1,1,0,9
25/09/2019 06:14,1.355,103.988,"Singapore Changi Airport, Singapore",0.95,1,0,26.7,27.7,0,46.7,"1,011.79",1,1,0,9
25/09/2019 06:19,1.355,103.988,"Singapore Changi Airport, Singapore",0.95,1,0,26.7,27.7,0,46.7,"1,011.70",1,1,0,9
25/09/2019 06:24,1.355,103.988,"Singapore Changi Airport, Singapore",0.95,1,0,26.7,27.7,0,46.7,"1,011.83",1,1,0,9
25/09/2019 06:29,1.355,103.988,"Singapore Changi Airport, Singapore",0.95,1,0,26.7,27.7,1,46.7,"1,011.99",1,1,0,9
25/09/2019 06:34,1.355,103.988,"Singapore Changi Airport, Singapore",0.95,1,0,26.7,27.7,0,46.7,"1,011.84",1,1,0,9
25/09/2019 06:39,1.355,103.988,"Singapore Changi Airport, Singapore",0.95,1,0,26.7,27.7,0,46.7,"1,011.96",1,1,0,9
25/09/2019 06:44,1.355,103.988,"Singapore Changi Airport, Singapore",0.95,1,0,26.7,27.7,0,46.7,"1,012.10",1,1,0,9
25/09/2019 06:49,1.355,103.988,"Singapore Changi Airport, Singapore",0.95,1,0,26.7,27.7,0,46.7,"1,012.27",1,1,0,9
25/09/2019 06:54,1.355,103.988,"Singapore Changi Airport, Singapore",0.95,1,0,26.7,27.7,0,46.7,"1,012.29",1,1,0,9
25/09/2019 06:59,1.355,103.988,"Singapore Changi Airport, Singapore",0.95,1,0,26.7,27.7,0,46.7,"1,012.35",1,1,0,9
25/09/2019 07:04,1.355,103.988,"Singapore Changi Airport, Singapore",0.95,1,0,26.7,27.7,0,46.7,"1,012.36",1,1,0,9
25/09/2019 07:09,1.355,103.988,"Singapore Changi Airport, Singapore",0.95,1,0,26.7,27.7,0,46.7,"1,012.28",1,1,0,9
25/09/2019 07:14,1.355,103.988,"Singapore Changi Airport, Singapore",0.95,1,0,26.6,27.6,0,46.7,"1,012.37",1,1,0,9
25/09/2019 07:19,1.355,103.988,"Singapore Changi Airport, Singapore",0.95,1,0,26.6,27.6,0,46.7,"1,012.23",1,1,0,9
25/09/2019 07:24,1.355,103.988,"Singapore Changi Airport, Singapore",0.95,1,0,26.6,27.6,0,46.7,"1,012.13",1,1,0,9
25/09/2019 07:29,1.355,103.988,"Singapore Changi Airport, Singapore",0.95,1,0,26.6,27.6,0,46.7,"1,011.97",1,1,0,9
25/09/2019 07:34,1.355,103.988,"Singapore Changi Airport, Singapore",0.95,1,0,26.6,27.6,0,46.7,"1,012.05",1,1,0,9
25/09/2019 07:39,1.355,103.988,"Singapore Changi Airport, Singapore",0.95,1,0,26.6,27.6,0,46.8,"1,012.20",1,1,0,9
25/09/2019 07:44,1.355,103.988,"Singapore Changi Airport, Singapore",0.95,1,0,26.6,27.6,0,46.8,"1,012.23",1,1,0,9
25/09/2019 07:49,1.355,103.988,"Singapore Changi Airport, Singapore",0.95,1,0,26.6,27.6,0,46.8,"1,012.46",1,1,0,9
25/09/2019 07:54,1.355,103.988,"Singapore Changi Airport, Singapore",0.95,1,0,26.6,27.6,0,46.8,"1,012.66",1,1,0,9
25/09/2019 07:59,1.355,103.988,"Singapore Changi Airport, Singapore",0.95,1,0,26.6,27.6,0,46.8,"1,012.64",1,1,0,9
25/09/2019 08:04,1.355,103.988,"Singapore Changi Airport, Singapore",0.95,1,0,26.6,27.6,0,46.8,"1,012.50",1,1,0,9
25/09/2019 08:09,1.355,103.988,"Singapore Changi Airport, Singapore",0.95,1,0,26.6,27.6,0,46.8,"1,012.50",1,1,0,9
25/09/2019 08:14,1.355,103.988,"Singapore Changi Airport, Singapore",0.95,1,0,26.6,27.6,0,46.9,"1,012.72",1,1,0,9
25/09/2019 08:19,1.355,103.988,"Singapore Changi Airport, Singapore",0.95,1,0,26.6,27.6,0,46.9,"1,012.53",1,1,0,9
25/09/2019 08:24,1.355,103.988,"Singapore Changi Airport, Singapore",0.95,1,0,26.5,27.5,0,46.9,"1,012.73",1,1,0,9
25/09/2019 08:29,1.355,103.988,"Singapore Changi Airport, Singapore",0.95,1,0,26.5,27.5,0,46.9,"1,012.81",1,1,0,9
25/09/2019 08:34,1.355,103.988,"Singapore Changi Airport, Singapore",0.95,1,0,26.5,27.5,0,46.9,"1,012.60",1,1,0,9
25/09/2019 08:39,1.355,103.988,"Singapore Changi Airport, Singapore",0.95,1,0,26.5,27.5,0,47,"1,012.69",1,1,0,9
25/09/2019 08:44,1.355,103.988,"Singapore Changi Airport, Singapore",0.95,1,0,26.5,27.5,0,47,"1,012.49",1,1,0,9
25/09/2019 08:49,1.355,103.988,"Singapore Changi Airport, Singapore",0.95,1,0,26.5,27.5,0,47,"1,012.68",1,1,0,9
25/09/2019 08:54,1.355,103.988,"Singapore Changi Airport, Singapore",0.95,1,0,26.5,27.5,0,47,"1,012.81",1,1,0,9
25/09/2019 08:59,1.355,103.988,"Singapore Changi Airport, Singapore",0.95,1,0,26.5,27.5,0,47,"1,012.74",1,1,0,9
25/09/2019 09:04,1.355,103.988,"Singapore Changi Airport, Singapore",0.95,1,0,26.5,27.5,0,47.1,"1,012.70",1,1,0,9
25/09/2019 09:09,1.355,103.988,"Singapore Changi Airport, Singapore",0.95,1,0,26.5,27.5,0,47.1,"1,012.85",1,1,0,9
25/09/2019 09:14,1.355,103.988,"Singapore Changi Airport, Singapore",0.95,1,0,26.5,27.5,0,47.1,"1,012.67",1,1,0,9
25/09/2019 09:19,1.355,103.988,"Singapore Changi Airport, Singapore",0.95,1,0,26.4,27.4,0,47.1,"1,012.59",1,1,0,9
25/09/2019 09:24,1.355,103.988,"Singapore Changi Airport, Singapore",0.95,1,0,26.4,27.4,0,47.1,"1,012.45",1,1,0,9
25/09/2019 09:29,1.355,103.988,"Singapore Changi Airport, Singapore",0.95,1,0,26.4,27.4,0,47.2,"1,012.46",1,1,0,9
25/09/2019 09:34,1.355,103.988,"Singapore Changi Airport, Singapore",0.95,1,0,26.4,27.4,0,47.2,"1,012.67",1,1,0,9
25/09/2019 09:39,1.355,103.988,"Singapore Changi Airport, Singapore",0.95,1,0,26.4,27.4,0,47.2,"1,012.88",1,1,0,9
25/09/2019 09:44,1.355,103.988,"Singapore Changi Airport, Singapore",0.95,1,0,26.4,27.4,0,47.2,"1,013.04",1,1,0,9
25/09/2019 09:49,1.355,103.988,"Singapore Changi Airport, Singapore",0.95,1,0,26.4,27.4,0,47.2,"1,012.86",1,1,0,9
25/09/2019 09:54,1.355,103.988,"Singapore Changi Airport, Singapore",0.94,1,0,26.4,27.4,0,47.2,"1,012.87",1,1,0,9
25/09/2019 09:59,1.355,103.988,"Singapore Changi Airport, Singapore",0.94,1,0,26.4,27.4,0,47.3,"1,012.79",1,1,0,9
25/09/2019 10:04,1.355,103.988,"Singapore Changi Airport, Singapore",0.94,1,0,26.4,27.4,0,47.3,"1,012.71",1,1,0,9
25/09/2019 10:09,1.355,103.988,"Singapore Changi Airport, Singapore",0.94,1,0,26.4,27.4,0,47.3,"1,012.66",1,1,0,9
25/09/2019 10:14,1.355,103.988,"Singapore Changi Airport, Singapore",0.94,1,0,26.3,27.3,0,47.3,"1,012.64",1,1,0,9
25/09/2019 10:19,1.355,103.988,"Singapore Changi Airport, Singapore",0.94,1,0,26.3,27.3,0,47.3,"1,012.81",1,1,0,9
25/09/2019 10:24,1.355,103.988,"Singapore Changi Airport, Singapore",0.94,1,0,26.3,27.3,0,47.3,"1,012.72",1,1,0,9
25/09/2019 10:29,1.355,103.988,"Singapore Changi Airport, Singapore",0.94,1,0,26.3,27.3,0,47.4,"1,012.65",1,1,0,9
25/09/2019 10:34,1.355,103.988,"Singapore Changi Airport, Singapore",0.94,1,0,26.3,27.3,0,47.4,"1,012.43",1,1,0,9
25/09/2019 10:39,1.355,103.988,"Singapore Changi Airport, Singapore",0.94,1,0,26.3,27.3,0,47.4,"1,012.49",1,1,0,9
25/09/2019 10:44,1.355,103.988,"Singapore Changi Airport, Singapore",0.94,1,0,26.3,27.3,0,47.4,"1,012.66",1,1,0,9
25/09/2019 10:49,1.355,103.988,"Singapore Changi Airport, Singapore",0.94,1,0,26.3,27.3,0,47.4,"1,012.61",1,1,0,9
25/09/2019 10:54,1.355,103.988,"Singapore Changi Airport, Singapore",0.94,1,0,26.3,27.3,0,47.4,"1,012.81",1,1,0,9
25/09/2019 10:59,1.355,103.988,"Singapore Changi Airport, Singapore",0.94,1,0,26.3,27.3,0,47.4,"1,013.02",1,1,0,9
25/09/2019 11:04,1.355,103.988,"Singapore Changi Airport, Singapore",0.94,1,0,26.3,27.3,0,47.4,"1,012.84",1,1,0,9
25/09/2019 11:09,1.355,103.988,"Singapore Changi Airport, Singapore",0.94,1,0,26.3,27.3,0,47.4,"1,013.05",1,1,0,9
25/09/2019 11:14,1.355,103.988,"Singapore Changi Airport, Singapore",0.94,1,0,26.3,27.3,0,47.4,"1,013.22",1,1,0,9
25/09/2019 11:19,1.355,103.988,"Singapore Changi Airport, Singapore",0.94,1,0,26.3,27.3,0,47.4,"1,013.22",1,1,0,9
25/09/2019 11:24,1.355,103.988,"Singapore Changi Airport, Singapore",0.94,1,0,26.3,27.3,0,47.4,"1,013.34",1,1,0,9
25/09/2019 11:29,1.355,103.988,"Singapore Changi Airport, Singapore",0.94,1,0,26.3,27.3,0,47.4,"1,013.47",1,1,0,9
25/09/2019 11:34,1.355,103.988,"Singapore Changi Airport, Singapore",0.94,1,0,26.3,27.3,0,47.4,"1,013.46",1,1,0,9
25/09/2019 11:39,1.355,103.988,"Singapore Changi Airport, Singapore",0.94,1,0,26.3,27.3,0,47.4,"1,013.22",1,1,0,9
25/09/2019 11:44,1.355,103.988,"Singapore Changi Airport, Singapore",0.94,1,0,26.3,27.3,0,47.4,"1,013.21",1,1,0,9
25/09/2019 11:49,1.355,103.988,"Singapore Changi Airport, Singapore",0.94,1,0,26.3,27.3,0,47.4,"1,013.23",1,1,0,9
25/09/2019 11:54,1.355,103.988,"Singapore Changi Airport, Singapore",0.94,1,0,26.3,27.3,0,47.4,"1,013.03",1,1,0,9
25/09/2019 11:59,1.355,103.988,"Singapore Changi Airport, Singapore",0.94,1,0,26.3,27.3,0,47.4,"1,013.22",1,1,0,9
25/09/2019 12:04,1.355,103.988,"Singapore Changi Airport, Singapore",0.94,1,0,26.3,27.3,0,47.4,"1,013.12",1,1,0,9
25/09/2019 12:09,1.355,103.988,"Singapore Changi Airport, Singapore",0.94,1,0,26.3,27.3,0,47.4,"1,013.02",1,1,0,9
25/09/2019 12:14,1.355,103.988,"Singapore Changi Airport, Singapore",0.94,1,0,26.3,27.3,0,47.4,"1,013.08",1,1,0,9
25/09/2019 12:19,1.355,103.988,"Singapore Changi Airport, Singapore",0.94,1,0,26.3,27.3,0,47.4,"1,013.31",1,1,0,9
25/09/2019 12:24,1.355,103.988,"Singapore Changi Airport, Singapore",0.94,1,0,26.3,27.3,0,47.4,"1,013.43",1,1,0,9
25/09/2019 12:29,1.355,103.988,"Singapore Changi Airport, Singapore",0.94,1,0,26.3,27.3,0,47.4,"1,013.53",1,1,0,9
25/09/2019 12:34,1.355,103.988,"Singapore Changi Airport, Singapore",0.94,1,0,26.3,27.3,0,47.4,"1,013.56",1,1,0,9
25/09/2019 12:39,1.355,103.988,"Singapore Changi Airport, Singapore",0.94,1,0,26.3,27.3,0,47.3,"1,013.51",1,1,0,9
25/09/2019 12:44,1.355,103.988,"Singapore Changi Airport, Singapore",0.94,1,0,26.3,27.3,0,47.3,"1,013.64",1,1,0,9
25/09/2019 12:49,1.355,103.988,"Singapore Changi Airport, Singapore",0.94,1,0,26.3,27.3,0,47.3,"1,013.65",1,1,0,9
25/09/2019 12:54,1.355,103.988,"Singapore Changi Airport, Singapore",0.94,1,0,26.3,27.3,0,47.3,"1,013.74",1,1,0,9
25/09/2019 12:59,1.355,103.988,"Singapore Changi Airport, Singapore",0.94,1,0,26.4,27.4,0,47.3,"1,013.90",1,1,0,9
25/09/2019 13:04,1.355,103.988,"Singapore Changi Airport, Singapore",0.94,1,0,26.4,27.4,0,47.3,"1,013.74",1,1,0,9
25/09/2019 13:09,1.355,103.988,"Singapore Changi Airport, Singapore",0.94,1,0,26.4,27.4,0,47.3,"1,013.95",1,1,0,9
25/09/2019 13:14,1.355,103.988,"Singapore Changi Airport, Singapore",0.94,1,0,26.4,27.4,0,47.2,"1,014.03",1,1,0,9
25/09/2019 13:19,1.355,103.988,"Singapore Changi Airport, Singapore",0.94,1,0,26.4,27.4,0,47.2,"1,014.18",1,1,0,9
25/09/2019 13:24,1.355,103.988,"Singapore Changi Airport, Singapore",0.94,1,0,26.4,27.4,0,47.2,"1,014.23",1,1,0,9
25/09/2019 13:29,1.355,103.988,"Singapore Changi Airport, Singapore",0.94,1,0,26.4,27.4,0,47.2,"1,014.02",1,1,1,9
25/09/2019 13:34,1.355,103.988,"Singapore Changi Airport, Singapore",0.94,1,0,26.4,27.4,0,47.2,"1,013.91",1,1,1,9
25/09/2019 13:39,1.355,103.988,"Singapore Changi Airport, Singapore",0.94,1,0,26.4,27.4,0,47.1,"1,013.98",1,1,1,9
25/09/2019 13:44,1.355,103.988,"Singapore Changi Airport, Singapore",0.94,1,0,26.4,27.4,0,47.1,"1,014.02",1,1,1,9
25/09/2019 13:49,1.355,103.988,"Singapore Changi Airport, Singapore",0.94,1,0,26.4,27.4,0,47.1,"1,014.17",1,1,1,9
25/09/2019 13:54,1.355,103.988,"Singapore Changi Airport, Singapore",0.94,1,0,26.5,27.5,0,47.1,"1,014.30",1,1,1,9
25/09/2019 13:59,1.355,103.988,"Singapore Changi Airport, Singapore",0.94,1,0,26.5,27.5,0,47.1,"1,014.51",1,1,1,9
25/09/2019 14:04,1.355,103.988,"Singapore Changi Airport, Singapore",0.94,1,0,26.5,27.5,0,47,"1,014.32",1,1,1,9
25/09/2019 14:09,1.355,103.988,"Singapore Changi Airport, Singapore",0.94,1,0,26.5,27.5,0,47,"1,014.19",1,1,1,9
25/09/2019 14:14,1.355,103.988,"Singapore Changi Airport, Singapore",0.94,1,0,26.5,27.5,0,47,"1,014.33",1,1,1,9
25/09/2019 14:19,1.355,103.988,"Singapore Changi Airport, Singapore",0.94,1,0,26.5,27.5,0,47,"1,014.34",1,1,1,9
25/09/2019 14:24,1.355,103.988,"Singapore Changi Airport, Singapore",0.94,1,0,26.5,27.5,0,47,"1,014.39",1,1,1,9
25/09/2019 14:29,1.355,103.988,"Singapore Changi Airport, Singapore",0.94,1,0,26.5,27.5,0,46.9,"1,014.27",1,1,1,9
25/09/2019 14:34,1.355,103.988,"Singapore Changi Airport, Singapore",0.94,1,0,26.5,27.5,0,46.9,"1,014.22",1,1,1,9
25/09/2019 14:39,1.355,103.988,"Singapore Changi Airport, Singapore",0.94,1,0,26.5,27.5,0,46.9,"1,014.12",1,1,1,9
25/09/2019 14:44,1.355,103.988,"Singapore Changi Airport, Singapore",0.94,1,0,26.6,27.6,0,46.9,"1,014.29",1,1,1,9
25/09/2019 14:49,1.355,103.988,"Singapore Changi Airport, Singapore",0.94,1,0,26.6,27.6,0,46.9,"1,014.47",1,1,1,9
25/09/2019 14:54,1.355,103.988,"Singapore Changi Airport, Singapore",0.94,1,0,26.6,27.6,0,46.9,"1,014.60",1,1,1,9
25/09/2019 14:59,1.355,103.988,"Singapore Changi Airport, Singapore",0.94,1,0,26.6,27.6,0,46.8,"1,014.40",1,1,1,9
25/09/2019 15:04,1.355,103.988,"Singapore Changi Airport, Singapore",0.94,1,0,26.6,27.6,0,46.8,"1,014.15",1,1,1,9
25/09/2019 15:09,1.355,103.988,"Singapore Changi Airport, Singapore",0.94,1,0,26.6,27.6,0,46.8,"1,014.26",1,1,1,9
25/09/2019 15:14,1.355,103.988,"Singapore Changi Airport, Singapore",0.94,1,0,26.6,27.6,0,46.8,"1,014.14",1,1,1,9
25/09/2019 15:19,1.355,103.988,"Singapore Changi Airport, Singapore",0.94,1,0,26.6,27.6,0,46.8,"1,014.35",1,1,1,9
25/09/2019 15:24,1.355,103.988,"Singapore Changi Airport, Singapore",0.94,1,0,26.6,27.6,0,46.8,"1,014.23",1,1,1,9
25/09/2019 15:29,1.355,103.988,"Singapore Changi Airport, Singapore",0.94,1,0,26.6,27.6,0,46.7,"1,014.06",1,1,1,9
25/09/2019 15:34,1.355,103.988,"Singapore Changi Airport, Singapore",0.94,1,0,26.6,27.6,0,46.7,"1,014.24",1,1,1,9
25/09/2019 15:39,1.355,103.988,"Singapore Changi Airport, Singapore",0.94,1,0,26.6,27.6,0,46.7,"1,014.36",1,1,1,9
25/09/2019 15:44,1.355,103.988,"Singapore Changi Airport, Singapore",0.94,1,0,26.6,27.6,0,46.7,"1,014.19",1,1,1,9
25/09/2019 15:49,1.355,103.988,"Singapore Changi Airport, Singapore",0.94,1,0,26.6,27.6,0,46.7,"1,014.30",1,1,1,9
25/09/2019 15:54,1.355,103.988,"Singapore Changi Airport, Singapore",0.94,1,0,26.7,27.7,0,46.7,"1,014.09",1,1,1,9
25/09/2019 15:59,1.355,103.988,"Singapore Changi Airport, Singapore",0.94,1,0,26.7,27.7,0,46.7,"1,013.85",1,1,1,9
25/09/2019 16:04,1.355,103.988,"Singapore Changi Airport, Singapore",0.94,1,0,26.7,27.7,0,46.7,"1,013.80",1,1,1,9
25/09/2019 16:09,1.355,103.988,"Singapore Changi Airport, Singapore",0.94,1,0,26.7,27.7,0,46.7,"1,013.93",1,1,1,9
25/09/2019 16:14,1.355,103.988,"Singapore Changi Airport, Singapore",0.94,1,0,26.7,27.7,0,46.7,"1,014.16",1,1,1,9
25/09/2019 16:19,1.355,103.988,"Singapore Changi Airport, Singapore",0.94,1,0,26.7,27.7,0,46.7,"1,014.25",1,1,1,9
25/09/2019 16:24,1.355,103.988,"Singapore Changi Airport, Singapore",0.94,1,0,26.7,27.7,0,46.7,"1,014.48",1,1,1,9
25/09/2019 16:29,1.355,103.988,"Singapore Changi Airport, Singapore",0.94,1,0,26.7,27.7,0,46.7,"1,014.56",1,1,1,9
25/09/2019 16:34,1.355,103.988,"Singapore Changi Airport, Singapore",0.94,1,0,26.7,27.7,0,46.7,"1,014.74",1,1,1,9
25/09/2019 16:39,1.355,103.988,"Singapore Changi Airport, Singapore",0.94,1,0,26.7,27.7,0,46.7,"1,014.71",1,1,1,9
25/09/2019 16:44,1.355,103.988,"Singapore Changi Airport, Singapore",0.94,1,0,26.7,27.7,0,46.7,"1,014.63",1,1,1,9
25/09/2019 16:49,1.355,103.988,"Singapore Changi Airport, Singapore",0.94,1,0,26.7,27.7,0,46.7,"1,014.52",1,1,1,9
25/09/2019 16:54,1.355,103.988,"Singapore Changi Airport, Singapore",0.94,1,0,26.7,27.7,0,46.7,"1,014.29",1,1,1,9
25/09/2019 16:59,1.355,103.988,"Singapore Changi Airport, Singapore",0.94,1,0,26.7,27.7,0,46.7,"1,014.44",1,1,1,9
25/09/2019 17:04,1.355,103.988,"Singapore Changi Airport, Singapore",0.94,1,0,26.7,27.7,0,46.7,"1,014.56",1,1,1,9
25/09/2019 17:09,1.355,103.988,"Singapore Changi Airport, Singapore",0.94,1,0,26.7,27.7,0,46.7,"1,014.53",1,1,1,9
25/09/2019 17:14,1.355,103.988,"Singapore Changi Airport, Singapore",0.94,1,0,26.7,27.7,0,46.7,"1,014.45",1,1,1,9
25/09/2019 17:19,1.355,103.988,"Singapore Changi Airport, Singapore",0.94,1,0,26.6,27.6,0,46.7,"1,014.50",1,1,1,9
25/09/2019 17:24,1.355,103.988,"Singapore Changi Airport, Singapore",0.94,1,0,26.6,27.6,0,46.7,"1,014.73",1,1,1,9
25/09/2019 17:29,1.355,103.988,"Singapore Changi Airport, Singapore",0.94,1,0,26.6,27.6,0,46.7,"1,014.55",1,1,1,9
25/09/2019 17:34,1.355,103.988,"Singapore Changi Airport, Singapore",0.94,1,0,26.6,27.6,0,46.7,"1,014.65",1,1,1,9
25/09/2019 17:39,1.355,103.988,"Singapore Changi Airport, Singapore",0.94,1,0,26.6,27.6,0,46.7,"1,014.79",1,1,1,9
25/09/2019 17:44,1.355,103.988,"Singapore Changi Airport, Singapore",0.94,1,0,26.6,27.6,0,46.8,"1,014.97",1,1,1,9
25/09/2019 17:49,1.355,103.988,"Singapore Changi Airport, Singapore",0.94,1,0,26.6,27.6,0,46.8,"1,014.97",1,1,1,9
25/09/2019 17:54,1.355,103.988,"Singapore Changi Airport, Singapore",0.94,1,0,26.6,27.6,0,46.8,"1,015.17",1,1,1,9
25/09/2019 17:59,1.355,103.988,"Singapore Changi Airport, Singapore",0.94,1,0,26.6,27.6,0,46.8,"1,014.92",1,1,1,9
25/09/2019 18:04,1.355,103.988,"Singapore Changi Airport, Singapore",0.94,1,0,26.6,27.6,0,46.8,"1,014.72",1,1,1,9
25/09/2019 18:09,1.355,103.988,"Singapore Changi Airport, Singapore",0.94,1,0,26.6,27.6,0,46.8,"1,014.55",1,1,1,9
25/09/2019 18:14,1.355,103.988,"Singapore Changi Airport, Singapore",0.93,1,0,26.6,27.6,0,46.9,"1,014.49",1,1,1,9
25/09/2019 18:19,1.355,103.988,"Singapore Changi Airport, Singapore",0.93,1,0,26.6,27.6,0,46.9,"1,014.39",1,1,1,9
25/09/2019 18:24,1.355,103.988,"Singapore Changi Airport, Singapore",0.93,1,0,26.6,27.6,0,46.9,"1,014.28",1,1,1,9
25/09/2019 18:29,1.355,103.988,"Singapore Changi Airport, Singapore",0.93,1,0,26.5,27.5,0,46.9,"1,014.15",1,1,1,9
25/09/2019 18:34,1.355,103.988,"Singapore Changi Airport, Singapore",0.93,1,0,26.5,27.5,0,46.9,"1,013.93",1,1,1,9
25/09/2019 18:39,1.355,103.988,"Singapore Changi Airport, Singapore",0.93,1,0,26.5,27.5,0,46.9,"1,014.04",1,1,1,9
25/09/2019 18:44,1.355,103.988,"Singapore Changi Airport, Singapore",0.93,1,0,26.5,27.5,0,47,"1,013.91",1,1,1,9
25/09/2019 18:49,1.355,103.988,"Singapore Changi Airport, Singapore",0.93,1,0,26.5,27.5,0,47,"1,013.97",1,1,1,9
25/09/2019 18:54,1.355,103.988,"Singapore Changi Airport, Singapore",0.93,1,0,26.5,27.5,0,47,"1,013.90",1,1,1,9
25/09/2019 18:59,1.355,103.988,"Singapore Changi Airport, Singapore",0.93,1,0,26.5,27.5,0,47,"1,013.89",1,1,1,9
25/09/2019 19:04,1.355,103.988,"Singapore Changi Airport, Singapore",0.93,1,0,26.5,27.5,0,47,"1,014.06",1,1,1,9
25/09/2019 19:09,1.355,103.988,"Singapore Changi Airport, Singapore",0.93,1,0,26.5,27.5,0,47.1,"1,013.92",1,1,1,9
25/09/2019 19:14,1.355,103.988,"Singapore Changi Airport, Singapore",0.93,1,0,26.5,27.5,0,47.1,"1,013.75",1,1,1,9
25/09/2019 19:19,1.355,103.988,"Singapore Changi Airport, Singapore",0.93,1,0,26.4,27.4,0,47.1,"1,013.76",1,1,1,9
25/09/2019 19:24,1.355,103.988,"Singapore Changi Airport, Singapore",0.93,1,0,26.4,27.4,0,47.1,"1,013.56",1,1,1,9
25/09/2019 19:29,1.355,103.988,"Singapore Changi Airport, Singapore",0.93,1,0,26.4,27.4,0,47.1,"1,013.71",1,1,1,9
25/09/2019 19:34,1.355,103.988,"Singapore Changi Airport, Singapore",0.93,1,0,26.4,27.4,0,47.2,"1,013.81",1,1,1,9
25/09/2019 19:39,1.355,103.988,"Singapore Changi Airport, Singapore",0.93,1,0,26.4,27.4,0,47.2,"1,013.76",1,1,1,9
25/09/2019 19:44,1.355,103.988,"Singapore Changi Airport, Singapore",0.93,1,0,26.4,27.4,0,47.2,"1,013.70",1,1,1,9
25/09/2019 19:49,1.355,103.988,"Singapore Changi Airport, Singapore",0.93,1,0,26.4,27.4,0,47.2,"1,013.56",1,1,1,9
25/09/2019 19:54,1.355,103.988,"Singapore Changi Airport, Singapore",0.93,1,0,26.4,27.4,0,47.2,"1,013.37",1,1,1,9
25/09/2019 19:59,1.355,103.988,"Singapore Changi Airport, Singapore",0.93,1,0,26.4,27.4,0,47.3,"1,013.45",1,1,1,9
25/09/2019 20:04,1.355,103.988,"Singapore Changi Airport, Singapore",0.93,1,0,26.4,27.4,0,47.3,"1,013.56",1,1,1,9
25/09/2019 20:09,1.355,103.988,"Singapore Changi Airport, Singapore",0.93,1,0,26.4,27.4,0,47.3,"1,013.56",1,1,1,9
25/09/2019 20:14,1.355,103.988,"Singapore Changi Airport, Singapore",0.93,1,0,26.3,27.3,0,47.3,"1,013.32",1,1,1,9
25/09/2019 20:19,1.355,103.988,"Singapore Changi Airport, Singapore",0.93,1,0,26.3,27.3,0,47.3,"1,013.20",1,1,1,9
25/09/2019 20:24,1.355,103.988,"Singapore Changi Airport, Singapore",0.93,1,0,26.3,27.3,0,47.3,"1,013.31",1,1,1,9
25/09/2019 20:29,1.355,103.988,"Singapore Changi Airport, Singapore",0.93,1,0,26.3,27.3,0,47.3,"1,013.36",1,1,1,9
25/09/2019 20:34,1.355,103.988,"Singapore Changi Airport, Singapore",0.93,1,0,26.3,27.3,0,47.4,"1,013.32",1,1,1,9
25/09/2019 20:39,1.355,103.988,"Singapore Changi Airport, Singapore",0.93,1,0,26.3,27.3,0,47.4,"1,013.26",1,1,1,9
25/09/2019 20:44,1.355,103.988,"Singapore Changi Airport, Singapore",0.93,1,0,26.3,27.3,0,47.4,"1,013.15",1,1,1,9
25/09/2019 20:49,1.355,103.988,"Singapore Changi Airport, Singapore",0.93,1,0,26.3,27.3,0,47.4,"1,012.90",1,1,1,9
25/09/2019 20:54,1.355,103.988,"Singapore Changi Airport, Singapore",0.93,1,0,26.3,27.3,0,47.4,"1,012.79",1,1,1,9
25/09/2019 20:59,1.355,103.988,"Singapore Changi Airport, Singapore",0.93,1,0,26.3,27.3,0,47.4,"1,012.77",1,1,1,9
25/09/2019 21:04,1.355,103.988,"Singapore Changi Airport, Singapore",0.93,1,0,26.3,27.3,0,47.4,"1,012.88",1,1,1,9
25/09/2019 21:09,1.355,103.988,"Singapore Changi Airport, Singapore",0.93,1,0,26.3,27.3,0,47.4,"1,012.87",1,1,1,9
25/09/2019 21:14,1.355,103.988,"Singapore Changi Airport, Singapore",0.93,1,0,26.3,27.3,0,47.4,"1,012.64",1,1,1,9
25/09/2019 21:19,1.355,103.988,"Singapore Changi Airport, Singapore",0.93,1,0,26.3,27.3,0,47.4,"1,012.59",1,1,1,9
25/09/2019 21:24,1.355,103.988,"Singapore Changi Airport, Singapore",0.93,1,0,26.3,27.3,0,47.4,"1,012.46",1,1,1,9
25/09/2019 21:29,1.355,103.988,"Singapore Changi Airport, Singapore",0.93,1,0,26.3,27.3,0,47.4,"1,012.49",1,1,1,9
25/09/2019 21:34,1.355,103.988,"Singapore Changi Airport, Singapore",0.93,1,0,26.3,27.3,0,47.4,"1,012.46",1,1,1,9
25/09/2019 21:39,1.355,103.988,"Singapore Changi Airport, Singapore",0.93,1,0,26.3,27.3,0,47.4,"1,012.31",1,1,1,9
25/09/2019 21:44,1.355,103.988,"Singapore Changi Airport, Singapore",0.93,1,0,26.3,27.3,0,47.4,"1,012.29",1,1,1,9
25/09/2019 21:49,1.355,103.988,"Singapore Changi Airport, Singapore",0.93,1,0,26.3,27.3,0,47.4,"1,012.10",1,1,1,9
25/09/2019 21:54,1.355,103.988,"Singapore Changi Airport, Singapore",0.93,1,0,26.3,27.3,0,47.4,"1,012.02",1,1,1,9
25/09/2019 21:59,1.355,103.988,"Singapore Changi Airport, Singapore",0.93,1,0,26.3,27.3,0,47.4,"1,011.96",1,1,1,9
25/09/2019 22:04,1.355,103.988,"Singapore Changi Airport, Singapore",0.93,1,0,26.3,27.3,0,47.4,"1,011.77",1,1,1,9
25/09/2019 22:09,1.355,103.988,"Singapore Changi Airport, Singapore",0.93,1,0,26.3,27.3,0,47.4,"1,011.53",1,1,1,9
25/09/2019 22:14,1.355,103.988,"Singapore Changi Airport, Singapore",0.93,1,0,26.3,27.3,0,47.4,"1,011.42",1,1,0,9
25/09/2019 22:19,1.355,103.988,"Singapore Changi Airport, Singapore",0.93,1,0,26.3,27.3,0,47.4,"1,011.33",1,1,0,9
25/09/2019 22:24,1.355,103.988,"Singapore Changi Airport, Singapore",0.93,1,0,26.3,27.3,0,47.4,"1,011.22",1,1,0,9
25/09/2019 22:29,1.355,103.988,"Singapore Changi Airport, Singapore",0.93,1,0,26.3,27.3,0,47.4,"1,011.44",1,1,0,9
25/09/2019 22:34,1.355,103.988,"Singapore Changi Airport, Singapore",0.93,1,0,26.3,27.3,0,47.4,"1,011.40",1,1,0,9
25/09/2019 22:39,1.355,103.988,"Singapore Changi Airport, Singapore",0.93,1,0,26.3,27.3,0,47.4,"1,011.27",1,1,0,9
25/09/2019 22:44,1.355,103.988,"Singapore Changi Airport, Singapore",0.93,1,0,26.3,27.3,0,47.3,"1,011.05",1,1,0,9
25/09/2019 22:49,1.355,103.988,"Singapore Changi Airport, Singapore",0.93,1,0,26.3,27.3,0,47.3,"1,010.97",1,1,0,9
25/09/2019 22:54,1.355,103.988,"Singapore Changi Airport, Singapore",0.93,1,0,26.3,27.3,0,47.3,"1,010.79",1,1,0,9
25/09/2019 22:59,1.355,103.988,"Singapore Changi Airport, Singapore",0.93,1,0,26.4,27.4,0,47.3,"1,010.55",1,1,0,9
25/09/2019 23:04,1.355,103.988,"Singapore Changi Airport, Singapore",0.93,1,0,26.4,27.4,0,47.3,"1,010.67",1,1,0,9
25/09/2019 23:09,1.355,103.988,"Singapore Changi Airport, Singapore",0.93,1,0,26.4,27.4,0,47.3,"1,010.54",1,1,0,9
25/09/2019 23:14,1.355,103.988,"Singapore Changi Airport, Singapore",0.93,1,0,26.4,27.4,0,47.2,"1,010.41",1,1,0,9
25/09/2019 23:19,1.355,103.988,"Singapore Changi Airport, Singapore",0.93,1,0,26.4,27.4,0,47.2,"1,010.20",1,1,0,9
25/09/2019 23:24,1.355,103.988,"Singapore Changi Airport, Singapore",0.93,1,0,26.4,27.4,0,47.2,"1,010.03",1,1,0,9
25/09/2019 23:29,1.355,103.988,"Singapore Changi Airport, Singapore",0.93,1,0,26.4,27.4,0,47.2,"1,010.16",1,1,0,9
25/09/2019 23:34,1.355,103.988,"Singapore Changi Airport, Singapore",0.93,1,0,26.4,27.4,0,47.2,"1,010.20",1,1,0,9
